Customer,Coffee,Alias,Universal Front,1KG B,250g B
Treutel Inc,Mountain Misery,Chamaebatia foliolosa Benth.,8396,7394,797
Koch Group,Jio,Commelina benghalensis L.,7698,4725,4237
Lakin-Jast,Bright Green Spikerush,Eleocharis olivacea Torr.,7605,3700,9773
Dietrich LLC,Idaho Trillium,Trillium petiolatum Pursh,3972,6153,7823
"Weimann, Rohan and Fay",Hispid Wreath Lichen,Phaeophyscia hispidula (Ach.) Essl.,8681,7567,2296
Bogan Group,Rat-tail Cholla,Cylindropuntia ×viridiflora (Britton & Rose) F.M. Knuth (pro sp.),8068,4814,7174
"Cummerata, Mohr and Sanford",Johnson's False Candytuft,Smelowskia johnsonii G. Mulligan,5093,4704,532
Nicolas and Sons,Stipulicida,Stipulicida Michx.,6048,4118,4212
Sawayn-Lemke,Shrubby Mayweed,Oncosiphon suffruticosum (L.) Källersjö,147,7481,9400
Crist LLC,Citronella Grass,Cymbopogon nardus (L.) Rendle,5742,5866,2999
Hagenes Inc,Theobroma,Theobroma L.,1964,1470,3417
Pfannerstill-Konopelski,King's Bird's-beak,Cordylanthus kingii S. Watson ssp. densiflorus T.I. Chuang & Heckard,7318,9998,7156
Davis-Crona,Sphagnum,Sphagnum affine Renauld & Cardot,6038,9572,3489
Gleason Inc,Bryoid Fissidens Moss,Fissidens bryoides Hedw.,8850,5694,907
Senger and Sons,Inkbush,Forestiera eggersiana Krug & Urb.,2362,5558,8260
Erdman and Sons,Bedstraw,Galium ×pomeranicum Retz.,383,5418,3751
"Rosenbaum, Reichert and Weissnat",Wahiawa Bog Sandmat,Chamaesyce sparsiflora (A. Heller) Koutnik,3257,4443,7560
Fadel-Towne,Caribbean Snoutbean,Rhynchosia caribaea (Jacq.) DC.,6540,7625,9962
Barrows and Sons,Hairgrass,Deschampsia P. Beauv.,5639,2945,6223
Beatty and Sons,Guama Venezolano,Inga nobilis Willd.,4839,7428,4514
Mann-Bosco,Banana,Musa L.,1646,5463,5455
Little-Gislason,Alpine Clover,Trifolium dasyphyllum Torr. & A. Gray ssp. dasyphyllum,8541,1483,5205
"Runolfsson, Roberts and Monahan",Rattan's Beardtongue,Penstemon rattanii A. Gray ssp. rattanii,4226,1381,1047
Hyatt-Keebler,King's Lupine,Lupinus kingii S. Watson var. argillaceus (Wooton & Standl.) C.P. Sm.,982,1583,7779
Wilderman Group,Slender Woolly Buckwheat,Eriogonum gracile Benth. var. gracile,6483,5114,5194
"Schaden, Sporer and Swaniawski",Spinycape,Aristocapsa Reveal & Hardham,6318,347,1406
"Wilkinson, Ritchie and Harris",Lady's Mantle,Alchemilla L.,5415,2747,2472
Daugherty Inc,Heartleaf Foamflower,Tiarella cordifolia L. var. austrina Lakela,397,1331,3842
Grimes-Stamm,Soft Brome,Bromus hordeaceus L.,5575,3263,7274
Hilll LLC,Tamarack,Larix laricina (Du Roi) K. Koch,9164,2809,8032
Grant-Gutmann,Drushel's Wild Petunia,Ruellia drushelii Tharp & F.A. Barkley var. drushelii,2177,6220,8652
"Watsica, Weissnat and Mante",Larkspur,Delphinium ×burkei Greene (pro sp.),9463,2509,3504
Pfeffer-Metz,Paradise Tansymustard,Descurainia paradisa (A. Nelson & Kennedy) O.E. Schulz,8447,1758,3757
Quitzon-Kirlin,Basil Mountainmint,Pycnanthemum clinopodioides Torr. & A. Gray,9187,7695,6676
"Kuvalis, Sporer and Farrell",White Vervain,Verbena urticifolia L. var. leiocarpa L.M. Perry & Fernald,8657,4348,7566
Muller-Marvin,Jateorhiza,Jateorhiza Miers,1983,2668,7017
Rohan LLC,Lichenothelia Lichen,Lichenothelia scopularia (Nyl.) D. Hawksw.,1376,7498,3254
Howe-Runolfsson,Helminthostachys,Helminthostachys Kaulf.,4060,8174,4480
McGlynn-Price,Hooded Arrowhead,Sagittaria calycina Engelm. var. calycina,7774,6055,204
"Johnston, Durgan and Bahringer",Narrowleaf Crimson Clover,Trifolium angustifolium L.,1946,4447,6743
Koss-Trantow,Weiser's Milkvetch,Astragalus beckwithii Torr. & A. Gray var. weiserensis M.E. Jones,9608,4387,7579
Wyman-Wunsch,Catinaria Lichen,Catinaria atropurpurea (Schaerer) Vezda & Poelt,4258,5269,7388
Kuphal-Pacocha,Leather-root,Hoita Rydb.,6033,3517,622
Schmeler-Pfeffer,Alamovine,Ipomoea coptica (L.) Roth ex Roem. & Schult.,9483,9736,2079
"Parker, Huel and Quitzon",Gray Chickweed,Cerastium brachypetalum Pers.,4264,5256,5078
Bradtke and Sons,Allegheny Monkeyflower,Mimulus ringens L. var. ringens,8038,5152,3485
Rice Inc,Cascades Strawberry,Fragaria cascadensis K.E. Hummer,9216,2978,207
Schaefer Inc,Climbing Bamboo,Arthrostylidium Rupr.,7556,4766,7827
"Howe, Berge and Schiller",Vasey's Rabbitbrush,Chrysothamnus vaseyi (A. Gray) Greene,7166,6656,8815
"Yost, Kerluke and Beatty",Ceratonia,Ceratonia L.,3835,3813,5010
Howe-Hartmann,Bryobrittonia Moss,Bryobrittonia longipes (R.S. Williams) Horton,1190,9395,397
Hackett-Zieme,Green False Foxglove,Agalinis viridis (Small) Pennell,7562,9458,6408
Daugherty-Jenkins,Treecotton,Kokia Lewt.,6209,4912,6916
Kirlin Group,Guineaflower,Hermbstaedtia odorata (Burch.) T. Cooke,4720,1574,5932
Kerluke Inc,Cutleaf Thelypody,Thelypodium laciniatum (Hook.) Endl. ex Walp.,2649,8785,2131
Prohaska-Jacobs,Highland Rush,Juncus trifidus L.,3809,9579,9673
Abernathy LLC,Greenstem Forsythia,Forsythia viridissima Lindl.,1998,9826,2959
Predovic-Williamson,Greenbright,Gambelia Nutt.,9696,9436,3415
"Zboncak, Armstrong and Reilly",Bigleaf Magnolia,Magnolia macrophylla Michx.,4737,1369,5561
Vandervort-Boyle,Willamette Fleabane,Erigeron decumbens Nutt.,7622,8080,2955
"McCullough, Gislason and Abernathy",Smallflower False Foxglove,Agalinis paupercula (A. Gray) Britton,4546,9498,543
"Ratke, Leannon and Kohler",Western Sandspurry,Spergularia canadensis (Pers.) G. Don var. occidentalis R.P. Rossb.,4933,6863,3751
Klocko-Bode,Spotted Joe Pye Weed,Eutrochium maculatum (L.) E.E. Lamont var. bruneri (A. Gray) E.E. Lamont,1909,5168,5856
Mraz-Weissnat,Italian Woodbine,Lonicera caprifolium L.,7723,3335,7630
Oberbrunner and Sons,Peking Tree Lilac,Syringa pekinensis Rupr.,288,1863,4489
Williamson LLC,Black Calabash,Amphitecna latifolia (Mill.) A.H. Gentry,6876,5864,7961
"Collins, Shanahan and Purdy",Persian Lilac,Syringa ×persica L.,1797,2556,6530
Adams-Block,Connecticut Hawthorn,Crataegus pequotorum Sarg.,7964,2370,1767
"Kulas, Abernathy and Ullrich",Florida Keys Blackbead,Pithecellobium keyense Britton ex Britton & Rose,1896,4788,5400
Nikolaus-Jerde,Spreading False Pennyroyal,Hedeoma diffusa Greene,4269,8917,1282
Crooks Inc,James' Buckwheat,Eriogonum jamesii Benth. var. undulatum (Benth.) S. Stokes ex M.E. Jones,7176,3937,2420
Armstrong-Reichert,Farewell To Spring,Clarkia amoena (Lehm.) A. Nelson & J.F. Macbr. ssp. huntiana (Jeps.) F.H. Lewis & M.E. Lewis,8890,3864,7306
Balistreri Group,September 11 Stickleaf,Mentzelia memorabilis N.H. Holmgren & P.K. Holmgren,7063,6714,7745
Murazik LLC,Lecidella Lichen,Lecidella patavina (A. Massal.) Knoph & Leuckert,2001,3727,1325
Bahringer Inc,Clover's Vervain,Verbena cloverae Moldenke,4026,7789,8692
Gottlieb-Conn,Herre's Ragged Lichen,Platismatia herrei (Imshaug) W.L. Culb. & C.F. Culb.,276,1147,966
"Bosco, Boyle and Stoltenberg",Low Flatsedge,Cyperus pumilus L.,6248,1013,2261
Cassin Inc,American Silvertop,Glehnia littoralis F. Schmidt ex Miq. ssp. leiocarpa (Mathias) Hultén,5654,6334,9432
Kemmer-Gerlach,Java Almond,Canarium indicum L.,5764,689,432
Willms-Anderson,Heermann's Buckwheat,Eriogonum heermannii Durand & Hilg. var. subspinosum Reveal,4697,1541,6211
Rippin Group,Yellow Foxglove,Digitalis grandiflora Mill.,1146,3430,4238
Spinka-Hane,Warnock's Water-willow,Justicia warnockii B.L. Turner,626,435,8783
Hagenes-Padberg,Largeflower Fleabane,Erigeron grandiflorus Hook. ssp. arcticus A.E. Porsild,2997,2500,8257
"Kessler, Ferry and Schmitt",Norwegian Ragged Lichen,Platismatia norvegica (Lynge) W.L. Culb. & C.F. Culb.,6517,8868,895
Rau Group,Claopodium Moss,Claopodium pellucinerve (Mitt.) Best,6592,4832,5149
Smith-Hermann,Urban Spurge,Euphorbia agraria M. Bieb.,9295,8593,1031
Bashirian-Becker,Twigrush,Machaerina Vahl,6166,2246,7732
Schmeler LLC,Downy Danthonia,Danthonia sericea Nutt.,1242,7325,9624
"Haley, Sanford and Crona",Gordon's Bladderpod,Lesquerella gordonii (A. Gray) S. Watson,5844,2925,9445
"Roob, Paucek and Upton",California Laurel,Umbellularia (Nees) Nutt.,5632,6033,4560
"Botsford, Hilll and Glover",Peruvian Spikesedge,Kyllinga tibialis Ledeb.,3620,868,6997
Bins and Sons,Pine Barren Sedge,Carex turgescens Torr.,6502,7155,2231
Langworth and Sons,Sierra Bayberry,Myrica hartwegii S. Watson,7319,3491,5488
Johnston LLC,Colicroot,Aletris ×tottenii E.T. Br.,8802,1272,7313
Conroy-Considine,Cream Narcissus,Narcissus tazetta L.,1895,7207,461
Terry Group,Chestnut Oak,Quercus montana Willd.,2345,5568,2922
Hauck-Klocko,Geyer's Sandmat,Chamaesyce geyeri (Engelm. & A. Gray) Small,5588,1424,965
"Funk, Little and Herzog",Pretty Cinquefoil,Potentilla pulchella R. Br.,9142,9406,6952
Nienow-Conroy,Broadleaf False Carrot,Turgenia latifolia (L.) Hoffm.,7301,180,6433
Morar-Schmitt,Bingham's False Bindweed,Calystegia sepium (L.) R. Br. ssp. binghamiae (Greene) Brummitt,3550,2702,6298
Hilpert Inc,Dotted Lichen,Bacidia subincompta (Nyl.) Arnold,5347,1438,9640
Durgan Inc,Lavender Cotton,Santolina L.,2439,1626,1382
Mosciski Inc,Oahu Sandmat,Chamaesyce deppeana (Boiss.) Millsp.,8971,8150,715
Kiehn and Sons,False Tamarisk,Myrciaria borinquena Alain,3970,5625,9442
Howell Group,Lady Of The Night Orchid,Brassavola nodosa (L.) Lindl.,577,731,6040
"Schultz, Grimes and Osinski",Allegheny Onion,Allium allegheniense Small,9844,1463,7288
"Johnson, Toy and Thiel",Longstalk Chinchweed,Pectis longipes A. Gray,5768,9748,9268
"Rempel, Wiza and Emmerich",Papaya,Carica L.,8821,3230,4921
"Deckow, Crooks and Bergnaum",Pinyon Dwarf Mistletoe,Arceuthobium divaricatum Engelm.,8601,404,950
"Hammes, Strosin and Maggio",Wart Lichen,Verrucaria rheitrophila Zschacke,5025,2133,5269
"Kozey, Ernser and Hauck",Umbrella Grass,Enteropogon acicularis (Lindl.) Lazarides,9842,1094,7786
Walker-DuBuque,Dwarf Mountain Ragwort,Senecio fremontii Torr. & A. Gray,3068,1010,8561
Boehm-Wiegand,Beaked Dodder,Cuscuta rostrata Shuttlw. ex Engelm. & A. Gray,3587,8337,3342
Tromp-Carroll,Common Screwpine,Pandanus utilis Bory,3058,3257,4485
Brekke and Sons,Mangrovevine,Rhabdadenia biflora (Jacq.) Müll. Arg.,1387,8506,3238
"Hyatt, Hamill and Mante",Largeflower Skeletonplant,Lygodesmia grandiflora (Nutt.) Torr. & A. Gray,9245,9133,844
"Funk, Botsford and Stehr",Clustered Sedge,Carex cumulata (L.H. Bailey) Fernald,6822,8486,1215
Boyle-Schamberger,Fall Goldenrod,Solidago simulans Fernald,2146,9754,1741
Harvey-Cormier,Tubercle Dodder,Cuscuta tuberculata Brandegee,7519,8003,2617
Daniel-Halvorson,Cliffside Cyrtandra,"Cyrtandra paliku W.L. Wagner, K.R. Wood & D.H. Lorence",8752,5861,7663
"Gorczany, Rippin and Cassin",Millet Crabgrass,Digitaria panicea (Sw.) Urb.,7002,9194,5581
Lehner-Lehner,Entireleaf Daisy,Hulteniella integrifolia (Richardson) Tzvelev,7717,3511,6116
"Dach, Dickens and Stracke",Simpleleaf Chastetree,Vitex trifolia L.,9841,835,8771
Watsica-Keebler,Cliff Desertdandelion,Malacothrix saxatilis (Nutt.) Torr. & A. Gray var. implicata (Eastw.) H.M. Hall,6811,5408,5842
Keebler Group,Hooker's Sandwort,Arenaria hookeri Nutt.,7241,6868,3965
"Nader, Rath and Bruen",Laurera Lichen,Laurera Rchb.,722,8718,4567
Spencer Group,Stalkleaf Murainagrass,Ischaemum timorense Kunth,5065,3971,4275
"Bogisich, Keebler and Feest",Centranthus,Centranthus Neck. ex Lam. & DC.,3096,8146,3891
Baumbach LLC,Ball Lichen,Sphaerophorus Pers.,7575,2993,9379
Altenwerth Inc,Hairy Wallaby Grass,Rytidosperma pilosum (R. Br.) Connor & Edgar,3781,9435,1910
"Fadel, Kilback and Sawayn",Pringle's Lipfern,Cheilanthes pringlei Davenport,4675,7177,3455
"Rutherford, Littel and Sipes",Longleaf False Goldeneye,Heliomeris longifolia (B.L. Rob. & Greenm.) Cockerell var. annua (M.E. Jones) Yates,6419,3043,2191
"Waters, Hane and Howe",Spreading Sedge,Carex laxiculmis Schwein. var. copulata (L.H. Bailey) Fernald,4252,7718,8823
"Cremin, Homenick and O'Conner",Tetraclea,Tetraclea A. Gray,4496,7145,4488
"Hilll, Raynor and Wilkinson",White Birds-in-a-nest,Macbridea alba Chapm.,5387,7854,1028
"Gusikowski, Pouros and Sipes",Plumed Jewelflower,Streptanthus insignis Jeps. ssp. insignis,1960,2627,5232
Beatty and Sons,Milk-berry,Sideroxylon americanum (Mill.) T.D. Penn.,9376,9444,3041
Gutmann-Deckow,Dryostichum,×Dryostichum singulare W.H. Wagner,5011,913,9339
Wuckert Inc,Carolina Nutrush,Scleria pauciflora Muhl. ex Willd. var. caroliniana (Willd.) Alph. Wood,4047,3050,7693
Gibson-Graham,Coville's Rush,Juncus covillei Piper var. covillei,643,5926,9968
"Brown, Hills and Parisian",Garden Tomato,Solanum lycopersicum L.,4346,7088,6776
"Cronin, Buckridge and Marks",Spearleaf Brickellbush,Brickellia atractyloides A. Gray,898,1461,7399
Hintz Inc,Michaux's Parmotrema Lichen,Parmotrema michauxianum (Zahlbr.) Hale,714,9214,9946
McCullough and Sons,Polyblastia Lichen,Polyblastia theleodes (Sommerf.) Th. Fr.,399,733,7434
West-Deckow,Valley Lupine,Lupinus subvexus C.P. Sm. var. phoeniceus C.P. Sm.,4843,8216,8499
Schmitt-Gulgowski,Gyalectidium Lichen,Gyalectidium Müll. Arg.,6673,571,5357
Grady and Sons,Shasta Chaenactis,Chaenactis suffrutescens A. Gray,2513,6918,2163
Klein and Sons,Bahama Beaksedge,Rhynchospora lindeniana Griseb. var. bahamensis (Britton) Gale,2406,756,6545
"Willms, Bernhard and Schmitt",Bristlegrass,Setaria P. Beauv.,1195,2536,8143
Schiller-Greenfelder,Rock's Hypotrachyna Lichen,Hypotrachyna rockii (Zahlbr.) Hale,1427,336,9643
Jakubowski-Ernser,Silkyleaf Cinquefoil,Potentilla ambigens Greene,5589,7554,6739
"Morissette, Hand and White",Stigmidium Lichen,Stigmidium psorae (Anzi) Hafellner,9308,6277,1682
"Ziemann, Cummings and Dietrich",Hybrid Oak,Quercus ×hawkinsiae Sudw.,753,2651,4917
Bahringer-Breitenberg,Licorice,Glycyrrhiza L.,9853,6841,8609
Thiel and Sons,Western Meadow-rue,Thalictrum occidentale A. Gray var. occidentale,1648,687,9773
Rau Group,Mogollon Hawkweed,Hieracium fendleri Sch. Bip. var. mogollense A. Gray,4542,6691,5544
Kertzmann and Sons,Foxtail Sedge,Carex alopecoidea Tuck.,8424,2219,5445
Sanford Inc,Evening Trumpetflower,Gelsemium sempervirens (L.) W.T. Aiton,4994,6546,2544
Johnston and Sons,Sebastopol Meadowfoam,Limnanthes vinculans Ornduff,3459,2131,111
"Rohan, Swaniawski and Lebsack",Dwarf Thistle,Cirsium drummondii Torr. & A. Gray,2310,3090,1282
Moore-Quigley,Yellowspine Thistle,Cirsium ochrocentrum A. Gray,9200,4061,7362
Schiller-Wisoky,King Bladderpod,Lesquerella kingii S. Watson ssp. kingii var. cobrensis Rollins & Shaw,6918,8689,4623
Ratke LLC,Desert Agave,Agave deserti Engelm. ssp. simplex Gentry,4613,7643,4759
"Rau, Crooks and Gusikowski",False Brome,Brachypodium P. Beauv.,4022,8193,4093
Hane Group,Brewer's Jewelflower,Streptanthus breweri A. Gray,5043,5546,9938
"Cartwright, Mohr and O'Kon",Pondweed,Potamogeton L.,3427,1450,6355
Spinka and Sons,Cracked Lichen,Acarospora dispersa H. Magn.,7770,2537,2791
Krajcik LLC,Ponderosa Pine,Pinus ponderosa Lawson & C. Lawson,6034,7492,6363
Marquardt Inc,Cracked Lichen,Acarospora sinopica (Wahlenb.) Körb.,6400,7533,2255
Olson-Ernser,Pincushion Beardtongue,Penstemon procerus Douglas ex Graham var. modestus (Greene) N.H. Holmgren,2334,7164,1848
Gulgowski-Wyman,Parish's Chaenactis,Chaenactis parishii A. Gray,4448,5664,8625
"Kreiger, Schamberger and Kshlerin",Parmotrema Lichen,Parmotrema hababianum (Gyel.) Hale,503,9143,9130
Miller and Sons,Chaparral Dodder,Cuscuta californica Hook. & Arn. var. papillosa Yunck.,8184,4462,673
Walsh LLC,Wand Lessingia,Lessingia virgata A. Gray,7881,7645,9245
Kutch and Sons,Bluntlobe Grapefern,Botrychium oneidense (Gilbert) House,3310,5777,1771
"Parker, Rempel and Harris",Oneseed Juniper,Juniperus monosperma (Engelm.) Sarg.,494,9016,5572
Maggio LLC,False Sesame,Ceratotheca sesamoides Endl.,2383,3095,9064
Tremblay and Sons,Fritz's Zeuxine,Zeuxine fritzii Schltr.,9625,8367,6106
Kirlin Group,Birdfoot Violet,Viola pedata L.,7112,1989,2513
"Jacobi, Little and Frami",Banisteriopsis,Banisteriopsis C.B. Rob. ex Small,6409,7705,2938
Littel Group,Rapp's Shell Lichen,Arthopyrenia rappii Zahlbr.,6301,6010,614
Oberbrunner-Jones,Chamisso Arnica,Arnica chamissonis Less. ssp. chamissonis var. chamissonis,4491,5556,3579
Bode-Kirlin,Bran Lichen,Parmeliopsis subambigua Gyel.,9540,3212,2427
"Herzog, Upton and Wunsch",Dracaena,Dracaena L.,4499,2072,5615
Blanda-Pacocha,Carpetgrass,Arthraxon P. Beauv.,1563,3340,3672
"Johns, Corwin and Wehner",Intermountain Indian Breadroot,Pediomelum megalanthum (Wooton & Standl.) Rydb. var. epipsilum (Barneby) J. Grimes,7796,2575,3045
Carroll Inc,Great Blue Lobelia,Lobelia siphilitica L. var. ludoviciana A. DC.,3219,1752,8779
Gorczany LLC,Heartleaf Skullcap,Scutellaria ovata Hill ssp. bracteata (Benth.) Epling,777,3587,5319
Heaney-Rau,Spiral Dog's-tongue,Pseudelephantopus spirilis (Less.) Cronquist,4221,207,8852
Kozey and Sons,Edwards Plateau Thimbleweed,Anemone edwardsiana Tharp var. petraea Correll,6287,5565,8936
Armstrong-Blick,Northern Biscuitroot,Lomatium farinosum (Hook.) J.M. Coult. & Rose var. farinosum,5610,8505,9877
"Auer, Kuhlman and Goldner",Twistedstalk,Streptopus Michx.,549,5446,3702
Runte-Windler,Wrinkled Spineflower,Chorizanthe corrugata (Torr.) Torr. & A. Gray,5317,9546,7488
Swift LLC,Pitted Stripeseed,Piriqueta cistoides (L.) Griseb. ssp. cistoides,6077,3910,2948
Kuphal and Sons,Narrowleaf Stoneseed,Lithospermum incisum Lehm.,7168,8051,6500
Moen-Kohler,Low Spikesedge,Kyllinga pumila Michx.,9062,4143,9472
Williamson LLC,Crossidium Moss,Crossidium squamiferum (Viv.) Jur. var. pottioideum (De Not.) Mönk.,6791,8990,6795
Feeney-Walsh,Seaside Knotweed,Polygonum glaucum Nutt.,4380,5002,3647
Windler and Sons,Rinodina Lichen,Rinodina (Ach.) A. Gray,4382,4006,6301
Durgan-Fadel,Porocyphus Lichen,Porocyphus coccodes (Flotow) Körb.,9715,7689,3749
Wyman and Sons,Thinpetal Larkspur,Delphinium lineapetalum Ewan,5213,8982,1774
"Nader, Klein and Flatley",Jensen's Polytrichum Moss,Polytrichum commune Hedw. var. jensenii (I. Hagen) Mönk.,6196,3029,1044
"Kuhlman, Kessler and Macejkovic",Hickman's Popcornflower,Plagiobothrys chorisianus (Cham.) I.M. Johnst. var. hickmanii (Greene) I.M. Johnst.,587,6627,2486
Bayer-Padberg,Bigleaf Periwinkle,Vinca major L.,3315,4240,8722
Tremblay Group,Ellis' Stinking Milkvetch,Astragalus praelongus Sheldon var. ellisiae (Rydb.) Barneby,9252,5756,7117
"Gleichner, Nitzsche and Howell",Redcenter Morning-glory,Ipomoea amnicola Morong,3689,8530,161
Kessler Inc,New York Ironweed,Vernonia noveboracensis (L.) Michx.,6091,4364,418
"Franecki, Berge and Lynch",American Mannagrass,Glyceria grandis S. Watson var. komarovii L. Kelso,3210,6344,9168
Rempel Inc,Cooper's Lipfern,Cheilanthes cooperae D.C. Eaton,9961,5911,5316
Hettinger Group,King's Lupine,Lupinus kingii S. Watson,4587,112,141
Jones-Torphy,Tall Oatgrass,Arrhenatherum elatius (L.) P. Beauv. ex J. Presl & C. Presl,770,1449,4613
"Morar, Jones and Nikolaus",Browallia,Browallia L.,9968,955,162
"McClure, Weissnat and Jakubowski",Brachythecium Moss,Brachythecium velutinum (Hedw.) Schimp. var. velutinum,5760,6929,7971
Jenkins-Sanford,Sky Mousetail,Ivesia shockleyi S. Watson var. shockleyi,1670,9296,8305
"Ratke, Nicolas and Lowe",Nathorist's Aspicilia,Aspicilia nathoristii (Lynge) J.W. Thomson,6353,1468,3856
Rempel-Jones,Rattlebox,Crotalaria vitellina Ker Gawl.,6428,9331,2857
Miller-Kautzer,Asian White Birch,Betula platyphylla Sukaczev var. platyphylla,4463,2068,2667
"Brakus, Leffler and Hilll",Dot Lichen,Arthonia platygraphidea Nyl.,8135,2616,4868
"Dibbert, Ortiz and Zemlak",Felt Lichen,Peltigera didactyla (With.) J.R. Laundon,5601,3435,5932
Tillman-Cruickshank,Puerto Rico Stopper,Eugenia bellonis Krug & Urb.,4577,3348,5000
Farrell and Sons,Fourleaf Manyseed,Polycarpon tetraphyllum (L.) L.,2222,4666,943
"Reichel, Dickinson and Terry",Manatee River Airplant,Tillandsia simulata Small,915,8392,6618
D'Amore-Hamill,Wart Lichen,Pyrenula cuyabensis (Malme) R.C. Harris,5295,2290,163
Bogan-Muller,Lantana,Lantana camara L.,2217,4988,1494
"Glover, Kreiger and Reichert",Bulbil Onion,Allium geyeri S. Watson var. tenerum M.E. Jones,8263,8682,2123
Larson-Klein,Yellow Colicroot,Aletris lutea Small,4636,4666,8615
"Mayert, Tillman and Volkman",Twolobe Clarkia,Clarkia biloba (Durand) A. Nelson & J.F. Macbr. ssp. biloba,1308,8789,7995
Labadie-Moore,Heller's Grape,Vitis cinerea (Engelm.) Engelm. ex Millard var. helleri (L.H. Bailey) M.O. Moore,9488,9095,8213
"Barrows, Cummings and Heathcote",Beeblossom,Gaura L.,8506,4680,5266
"Botsford, Bradtke and Runolfsson",Geraniumleaf Phacelia,Phacelia geraniifolia Brand,5399,9244,1388
Marquardt-Ward,Tarwort,Flourensia DC.,206,1866,4859
Rutherford Inc,Silver Sagebrush,Artemisia cana Pursh ssp. bolanderi (A. Gray) G.H. Ward,5027,4162,6950
Pollich LLC,Gladiolus,Gladiolus ×colvillei Sweet,6861,6181,7546
"Osinski, Fadel and Wolf",Summer Holly,Comarostaphylis diversifolia (Parry) Greene,1244,7517,1355
Kiehn Inc,Lax-flowered Green Orchid,Platanthera gracilis Lindl.,2570,6256,3425
"Hermann, Huel and Bashirian",Ottertail Pass Saxifrage,Saxifraga tenuis (Wahlenb.) H. Sm. ex Lindm.,9966,6466,4427
"Grant, Terry and Purdy",Boreal Primrose,Primula anvilensis S. Kelso,963,8573,5390
Schultz-Langosh,Loiseleuria,Loiseleuria Desv.,708,1160,9341
Kreiger Inc,Lodoicea,Lodoicea Comm. ex Labill.,3245,537,6311
"Stoltenberg, Stracke and Waters",Yambush,Gundlachia corymbosa (Urb.) Britton ex Boldingh,4731,3625,2622
Glover-Hessel,Goldencarpet Buckwheat,Eriogonum luteolum Greene var. luteolum,6958,6809,7952
"Ullrich, Kessler and Daugherty",Sanddune Sedge,Carex pansa L.H. Bailey,7408,4696,6924
"Adams, Daugherty and Sauer",Erlangea,Erlangea Sch. Bip.,1044,5769,8111
Upton-Haley,Common Peony,Paeonia officinalis L.,2022,5796,8931
Brakus-Heaney,Silver Beardgrass,Bothriochloa laguroides (DC.) Herter,5105,9465,135
"Hane, Conroy and Bogan",Fragrant Buttonsage,Lantana involucrata L. var. odorata (L.) Moldenke,4422,3064,1903
Parker Inc,Hasse's Lecania Lichen,Lecania hassei (Zahlbr.) W. Noble,8925,8711,9192
Satterfield-Wunsch,Tucker Oak,Quercus john-tuckeri Nixon & C.H. Mull.,110,3126,7386
Haag Inc,Howell's Silverpuffs,Microseris howellii A. Gray,7793,7354,5831
"Orn, Zulauf and Kerluke",Scaly Dwarf Polypody,Grammitis cultrata (Willd.) Proctor,9199,2510,5848
Schinner LLC,Denseflower Mullein,Verbascum densiflorum Bertol.,6173,557,2181
Howe Inc,Golden Trumpet,Allamanda cathartica L.,2482,7951,2225
Fay-Casper,Sierra Brodiaea,Brodiaea minor (Benth.) S. Watson,5865,2511,4738
"Leannon, Roberts and Vandervort",California Cottonrose,Logfia californica (Nutt.) Holub,2064,9770,2656
"Veum, Schulist and Von",Reclined Gumweed,Grindelia decumbens Greene var. subincisa (Greene) Steyerm.,111,7479,5998
"Batz, Hilpert and Hermann",Heartleaf Bittercress,Cardamine cordifolia A. Gray var. cordifolia,6685,3470,5820
"King, Lebsack and Leannon",Sweet Breath Of Spring,Lonicera fragrantissima Lindl. & Paxton,3473,7904,1227
Goldner-Champlin,Safford's Lellingeria,Lellingeria saffordii (Maxon) A.R. Sm. & R.C. Moran,954,1238,1831
Willms LLC,Tropical Bog Orchid,Habenaria monorrhiza (Sw.) Rchb. f.,5805,7116,4819
Gerlach-D'Amore,Cuban Nakedwood,Colubrina cubensis (Jacq.) Brongn. var. floridana M.C. Johnst.,8396,9072,7709
"Jenkins, Kuhn and VonRueden",Maui Tetramolopium,Tetramolopium arenarium (A. Gray) Hillebr.,4952,2243,720
"Gibson, Armstrong and Corwin",Clokey's Cryptantha,Cryptantha clokeyi I.M. Johnst.,6118,4786,9473
Parisian-Hettinger,Red-leaf Phyllostegia,Phyllostegia renovans W.L. Wagner,8472,2479,7363
Miller Group,Hybrid Marram,×Ammocalamagrostis baltica (Flugge ex Schrad.) P. Fourn.,9629,6446,3786
"O'Conner, Ferry and Auer",Davis' Hedgehog Cactus,Echinocereus viridiflorus Engelm. var. davisii (A.D. Houghton) W.T. Marshall,4092,4753,4963
"Heaney, Reynolds and Mraz",Narrowleaf Swordfern,Polystichum imbricans (D.C. Eaton) D.H. Wagner ssp. curtum (Ewan) D.H. Wagner,4009,1325,8011
"Doyle, Welch and Dooley",Double Edge Maidenhair,Adiantum anceps Maxon & Morton,1385,3522,6222
Renner Inc,Blackstem Spleenwort,Asplenium resiliens Kunze,265,2618,1259
White-Smith,Nightblooming False Bindweed,Calystegia atriplicifolia Hallier f. ssp. atriplicifolia,7600,6342,5463
Kautzer-Toy,Giant Ironweed,Vernonia gigantea (Walter) Trel. ssp. gigantea,2136,4154,9159
Quigley-Koelpin,Shortfruit Stork's Bill,Erodium brachycarpum (Godr.) Thell.,8001,7598,2108
Kemmer-Langosh,Osmunda,Osmunda ×ruggii R. Tryon,6603,8948,7028
"Emmerich, Dicki and Zboncak",White Crownvetch,Securigera globosa (Lam.) Lassen,7910,1406,3179
Luettgen-Hoppe,Bracted Nutrush,Scleria bracteata Cav. [excluded],6297,9741,253
Trantow and Sons,Whitestem Frasera,Frasera albicaulis Douglas ex Griseb. var. nitida (Benth.) C.L. Hitchc.,9629,9393,2119
Barrows-Huel,Fernleaf Phacelia,Phacelia bipinnatifida Michx.,4189,3220,6769
Dach Inc,American Buckwheat Vine,Brunnichia ovata (Walter) Shinners,9982,221,4940
Cruickshank-Zieme,Racomitrium Moss,Racomitrium depressum Lesq.,3581,9817,6048
"Heidenreich, Quitzon and Sauer",Earth Lichen,Catapyrenium heppioides (Zahlbr.) J.W. Thomson,9377,5077,1011
Schaefer Group,Sycamore Fig,Ficus sycomorus L.,477,6555,9139
Torphy-Johns,Mt. Diablo Cottonseed,Micropus amphibolus A. Gray,5631,3307,2813
"Schmeler, Price and Abbott",Carolina Geranium,Geranium carolinianum L.,7625,6231,1879
Streich Inc,Mother Of Thyme,Thymus praecox Opiz,8728,4237,168
Johns and Sons,Stegonia Moss,Stegonia pilifera (Brid.) H.A. Crum & L.E. Anderson,6636,9684,2851
Spinka-Jones,California Threeawn,Aristida californica Thurb. ex S. Watson,5632,8085,5200
"Kunze, Schowalter and Hyatt",Arctic Bladderpod,Lesquerella arctica (Wormsk. ex Hornem.) S. Watson,1733,6931,4564
Hoppe-Labadie,Birdcage Evening Primrose,Oenothera deltoides Torr. & Frém. ssp. ambigua (S. Watson) W. Klein,150,4938,4817
Roob-Mosciski,Venegasia,Venegasia DC.,4556,3586,3977
Bergnaum-Schmeler,Lecidea Lichen,Lecidea polycocca Sommerf.,7312,3400,2778
Ferry-Jacobson,Peony,Paeonia corallina Retz.,2502,5639,4008
Stokes Group,Sidebells Wintergreen,Orthilia secunda (L.) House,3840,7810,8900
Lubowitz-Senger,Maxipiñon,Pinus maximartinezii Rzed.,2627,1564,9578
Bahringer-Fahey,Arctic Alpine Forget-me-not,Eritrichium nanum (Vill.) Schrad. ex Gaudin var. chamissonis (DC.) Herder,834,6630,3817
VonRueden LLC,Baja Desert-thorn,Lycium brevipes Benth.,7514,561,6228
"Farrell, Heller and Lowe",Baccharis,Baccharis L.,7749,3862,8887
Gottlieb-Blick,Wright's Bird's Beak,Cordylanthus wrightii A. Gray ssp. tenuifolius (Pennell) T.I. Chuang & Heckard,6481,2795,7139
McClure-Johnson,Blue Ridge Horsebalm,Collinsonia serotina Walter,9730,5107,3260
Graham-Haley,Disc Lichen,Buellia saurina W.A. Weber,7506,6511,4325
Rodriguez Group,New Zealand Red Pine,Dacrydium cupressinum Sol. ex Lamb.,1564,4143,4812
"Ondricka, Buckridge and Terry",Grapefern,Botrychium yaaxudakeit Stensvold & Farrar,5953,3736,847
"MacGyver, Shields and Metz",Torrey's Mountainmint,Pycnanthemum torrei Benth.,8169,2272,8454
"Schimmel, Goodwin and O'Conner",Rock Violet,Viola lithion N.H. Holmgren & P.K. Holmgren,5356,7150,5546
Johnston-Gusikowski,Snail Orchid,Comparettia falcata Poepp. & Endl.,6649,9312,2671
Zboncak-Moen,Stalkflower,Nesaea longipes A. Gray,2127,7225,7307
Schamberger LLC,Mountain Indian Paintbrush,Castilleja parviflora Bong.,3580,9498,2233
"Rodriguez, Ziemann and Wintheiser",Haresfoot Locoweed,Oxytropis lagopus Nutt. var. lagopus,4729,952,7971
"Hodkiewicz, O'Keefe and Gleason",Virginia Groundcherry,Physalis virginiana Mill.,2426,6480,9778
"Schaden, Hermiston and Pfannerstill",Two-color Orange Lichen,Caloplaca discolor (Willey) Fink,8819,1822,2146
"Borer, Kassulke and Champlin",Poorjoe,Diodia teres Walter,9741,2816,6070
O'Keefe-Graham,Bladder Campion,Silene latifolia Poir. ssp. alba (Mill.) Greuter & Burdet,7138,202,6731
"Abshire, Luettgen and Mertz",Veatch's Island Broom,Lotus dendroideus (Greene) Greene var. veatchii (Greene) Isely,5886,3840,1673
O'Hara Group,Roman Chamomile,Chamaemelum nobile (L.) All.,6007,8553,663
Mohr Inc,Roundleaf Ceratodon Moss,Ceratodon purpureus (Hedw.) Brid. var. rotundifolius Berggr.,8670,4682,5875
Ferry-Buckridge,Hebe,Hebe Comm. ex Juss.,2332,6844,8352
Rosenbaum Group,Venturiella Moss,Venturiella Müll. Hal.,740,7890,5279
"Konopelski, Ratke and Reichel",Fourflower Yellow Loosestrife,Lysimachia quadriflora Sims,7926,2000,6953
Kovacek Inc,Texan Flatsedge,Cyperus polystachyos Rottb. var. texensis (Torr.) Fernald,5504,9191,3213
Zulauf-Hudson,Gumbo Milkvetch,Astragalus ampullarius S. Watson,7623,9726,3725
Dach and Sons,Hooker's Bristle Fern,Trichomanes hookeri C. Presl,2911,1629,6538
Kunze-Kunde,Gaspé Peninsula Bluegrass,Poa ×gaspensis Fernald (pro sp.),8450,5282,720
Hintz-Will,Garden Sorrel,Rumex acetosa L. ssp. alpestris (Jacq.) Á. Löve,7074,619,9648
"Hamill, Casper and Schmidt",Beaded Lipfern,Cheilanthes wootonii Maxon,2032,5327,9750
Schamberger Inc,Wart Lichen,Verrucaria hydrela Ach.,2296,117,7124
"Nitzsche, Erdman and Wyman",Jimsonweed,Datura L.,5940,4592,9363
Romaguera LLC,Fineleaf Pondweed,Stuckenia filiformis (Pers.) Börner ssp. filiformis,9655,8065,9976
Grant LLC,Bayrumtree,Pimenta racemosa (Mill.) J.W. Moore var. racemosa,772,2753,7023
"Macejkovic, Moore and Roob",Valley Popcornflower,Plagiobothrys canescens Benth.,6001,6678,3488
"DuBuque, Emmerich and Mills",Emory's Baccharis,Baccharis emoryi A. Gray,4546,1012,6580
Mueller-Gerhold,Adobe Yampah,Perideridia pringlei (J.M. Coult. & Rose) A. Nelson & J.F. Macbr.,4968,9882,5510
Mante Group,Seaside Fleabane,Erigeron glaucus Ker Gawl.,7073,1814,5912
Wehner Group,Heartleaf Twayblade,Listera cordata (L.) R. Br. var. cordata,5670,2122,4747
Jerde-O'Keefe,Elegant Calicoflower,Downingia elegans (Douglas ex Lindl.) Torr. var. brachypetala (Gandog.) McVaugh,5250,9858,6656
Krajcik Inc,Pinweed,Lechea L.,1426,8212,9521
Gerhold and Sons,Redray Alpinegold,Hulsea heterochroma A. Gray,4522,3388,3743
Pouros-Grant,Brownseed Paspalum,Paspalum plicatulum Michx.,2205,5252,9784
Gottlieb Inc,American Century Plant,Agave americana L. ssp. americana var. expansa (Jacobi) Gentry,8058,7455,9074
"Walker, Schumm and Kulas",Chaparral False Bindweed,Calystegia occidentalis (A. Gray) Brummitt,9222,4520,3675
"Stoltenberg, Russel and McCullough",Cyrtomnium Moss,Cyrtomnium hymenophylloides (Hüb.) Nyholm ex T. Kop.,5134,5087,5834
"Hansen, Mohr and Pacocha",Dwarf Ninebark,Physocarpus alternans (M.E. Jones) J.T. Howell ssp. annulatus J.T. Howell,4389,4761,5270
Rosenbaum-Mosciski,Pumice Alpinegold,Hulsea vestita A. Gray ssp. vestita,481,8126,6825
"Wisoky, Thompson and Quigley",Desert Poppy,Eschscholzia glyptosperma Greene,7600,326,5139
Klein Inc,Kadjatoa,Eugeissona utilis Becc.,6030,6005,9283
"Willms, Gutkowski and Considine",Smallflower Gymnosteris,Gymnosteris parvula A. Heller,942,1190,8938
"Franecki, Nicolas and Glover",Nodding Rattlesnakeroot,Prenanthes crepidinea Michx.,9733,5023,5878
Wilderman Group,Wolf's Willow,Salix wolfii Bebb,7545,3948,5063
"Fisher, Leuschke and Fritsch",Texas Crabgrass,Digitaria texana Hitchc.,2164,8546,1478
"Toy, Douglas and Hackett",Coastal Hedgenettle,Stachys chamissonis Benth. var. chamissonis,3150,7834,1347
Lockman-Towne,Stenomesson,Stenomesson Herb.,9213,8675,4064
"Little, Collins and Gottlieb",Purple African Nightshade,Solanum marginatum L. f.,7024,5072,1245
Weissnat-Graham,Southwestern White Pine,Pinus strobiformis Engelm.,901,9562,4858
Terry-Krajcik,Canebrake Sedge,"Carex austrodeflexa P.D. McMillan, Sorrie & van Eerden",2818,606,6360
Schuppe-Kshlerin,Kraenzlin's Peacock Orchid,Psychilis kraenzlinii (Bello) Sauleda,9707,6376,9168
Nader Group,Britton's Dry Rock Moss,Grimmia brittoniae R.S. Williams,7392,6536,9105
"Nicolas, Hickle and Goyette",Maiden Pink,Dianthus deltoides L.,7501,3359,3774
Miller-Wisoky,Pussytoes Eggyolk Lichen,Candelariella antennaria Rasanen,4835,3703,5085
Lockman LLC,Island Mountain Mahogany,Cercocarpus montanus Raf. var. blancheae (C.K. Schneid.) F.L. Martin,1871,9306,7067
Auer-Kohler,Shortbeard Plumegrass,Saccharum brevibarbe (Michx.) Pers. var. brevibarbe,2014,7346,9595
Corkery-Carroll,Wild Oat,Avena fatua L.,8096,5830,1265
"Hartmann, Kub and Kreiger",Kearney's Sumac,Rhus kearneyi F.A. Barkley,848,9017,9831
Schumm Group,Saltmeadow Plantain,Plantago argyrea Morris,7439,8022,9042
Dicki LLC,Woodbine,Parthenocissus vitacea (Knerr) Hitchc.,9840,1782,9163
Ledner-Reichert,Star-mustard,Coincya Rouy,6266,952,1543
"Schmitt, Wilkinson and Thiel",Harp Dandelion,Taraxacum lyratum (Ledeb.) DC.,2703,8506,7865
Friesen LLC,Tara Vine,Actinidia arguta (Siebold & Zucc.) Planch. ex Miq.,426,1011,6169
Hauck-McDermott,Strigose Beard Lichen,Usnea strigosa (Ach.) Eaton,4965,628,3068
Windler-Zboncak,Small Treefern,Cyathea parvula (Jenman) Domin,1724,1838,7905
Volkman Group,Koholapehu,Dubautia latifolia (A. Gray) D.D. Keck,919,1845,6565
Labadie-Kreiger,Sulphur Marsh Marigold,Caltha leptosepala DC. ssp. leptosepala var. sulfurea C.L. Hitchc.,175,504,7691
"Harber, Barrows and Kihn",Sierra Mousetail,Ivesia santolinoides A. Gray,6985,2897,1636
Kessler-Grimes,Zaca Manzanita,Arctostaphylos glandulosa Eastw. ssp. zacaensis (Eastw.) P.V. Wells,1220,1438,5281
Blanda-Hayes,Cnemidaria,Cnemidaria C. Presl,5655,519,3011
Russel-Wisoky,Redtop Panicgrass,Panicum rigidulum Bosc ex Nees var. pubescens (Vasey) Lelong,728,8421,6847
"Mayert, Armstrong and Walsh",Applegate's Milkvetch,Astragalus applegatei M. Peck,7155,6018,3549
"Wiegand, Schuster and Ziemann",Desertbells,Phacelia campanularia A. Gray,113,6306,7794
"Kris, Witting and Hessel",Onespike Danthonia,Danthonia unispicata (Thurb.) Munro ex Macoun,131,5846,4460
Ernser LLC,Basin Saltbush,Atriplex tridentata Kuntze,5730,273,8032
"Hudson, Torp and Green",Giant Sandbur,Cenchrus palmeri Vasey,9827,696,1067
Quitzon-Brown,Watson's Goldenbush,Ericameria watsonii (A. Gray) G.L. Nesom,4600,1575,575
Keeling-Nicolas,Munz's Buckwheat,Eriogonum umbellatum Torr. var. munzii Reveal,6976,2871,8428
"Kulas, Kulas and Goodwin",Crambe,Crambe abyssinica Hochst. ex R.E. Fries,2399,6087,3712
Borer-Skiles,Hard Wallflower,Erysimum marschallianum Andrz. ex M. Bieb.,5449,9167,5131
Fay-Littel,Prescott Orchid,Prescotia Lindl.,8271,9620,1059
"Dooley, Jaskolski and Smitham",Wai'oli Valley Pritchardia,Pritchardia perlmanii C.E. Gemmill,721,523,7883
"Rice, Turner and Hills",Halberd Fern,Tectaria ×amesiana A.A. Eaton (pro sp.),528,8502,7523
White-Luettgen,Lachnanthes,Lachnanthes Elliott,981,1529,4187
Nolan-Gottlieb,Hairystem Dwarf Rush,Juncus capillaris F.J. Herm.,6308,851,4851
Kerluke LLC,Spreading Sandwort,Arenaria lanuginosa (Michx.) Rohrb. ssp. lanuginosa var. longipedunculata Duncan,1357,4753,5289
"Kassulke, Reynolds and Toy",Steyermark's Trimezia,Trimezia steyermarkii R.C. Foster,3342,8770,6650
"Gerlach, Hagenes and Sawayn",Waihanau Lobelia,Lobelia dunbarii Rock,1300,7771,7731
Kuhn-Pollich,Richardson's Brookfoam,Boykinia richardsonii (Hook.) Rothr.,3708,7240,9442
Fadel-Torp,Spiny Cliffbrake,Pellaea truncata Goodding,8391,7936,2395
"Bartoletti, Hilll and Thompson",Wright's Viburnum,Viburnum wrightii Miq.,1326,9955,4292
"Zieme, Wilkinson and Pacocha",Bright Green Spikerush,Eleocharis olivacea Torr. var. olivacea,4518,648,8736
Gaylord Inc,White Cypress-pine,Callitris glaucophylla Joy Thomps. & L.A.S. Johnson,2924,2345,282
Roberts-Cassin,Yakima Milkvetch,Astragalus reventiformis (Rydb.) Barneby,5196,2426,724
"Macejkovic, Lakin and Langworth",Whitewhorl Lupine,Lupinus densiflorus Benth. var. lacteus (Kellogg) C.P. Sm.,7783,3012,7347
Kertzmann-Gislason,Florida Thoroughwort,Eupatorium anomalum Nash,5362,860,6412
Kessler and Sons,Common St. Paul's Wort,Sigesbeckia orientalis L.,374,4563,8351
Fahey Inc,Franklin's Phacelia,Phacelia franklinii (R. Br.) A. Gray,1528,9755,5924
Thompson-Gulgowski,Crested Twinsorus Fern,Diplazium cristatum (Desr.) Alston,144,764,9126
"Thiel, Rau and Lakin",Rimularia Lichen,Rimularia impavida (Th. Fr.) Hertel & Rambold,9217,9827,2920
Heaney-Koch,Rock's Nehe,Lipochaeta rockii Sherff,8530,3847,1135
Powlowski Inc,Castela,Castela Turp.,9716,2703,2706
Pouros and Sons,Smooth Mountain Mahogany,Cercocarpus montanus Raf. var. minutiflorus (Abrams) F.L. Martin,5260,1684,7805
Nolan Inc,Heartleaf Bittercress,Cardamine cordifolia A. Gray var. cordifolia,5880,6136,8320
Jenkins-Powlowski,Wyeth's Lupine,Lupinus wyethii S. Watson,1119,6860,8620
"Ortiz, Morissette and Pollich",Awnless Spiralgrass,Tuctoria greenei (Vasey) J. Reeder,2298,9538,7107
Muller-Connelly,Siam Benzoin,Styrax tonkinensis (Pierre) Craib ex Hartwich,8300,3523,1289
Cummings-Schaefer,Padre's Shootingstar,Dodecatheon clevelandii Greene ssp. sanctarum (Greene) Abrams,9216,107,8208
"Gibson, Balistreri and Gleason",Locustberry,Byrsonima coccolobifolia Kunth,4244,2533,7639
Kohler-Mohr,Cusick's Draba,Draba cusickii B.L. Rob. ex O.E. Schulz var. cusickii,2055,2712,9581
Wolf-Satterfield,Streambank Springbeauty,Claytonia parviflora Douglas ex Hook. ssp. utahensis (Rydb.) John M. Mill. & K.L. Chambers,8297,878,5966
Hills Group,Peru Roccella Lichen,Roccella peruensis Krempelh.,5995,6096,7216
"Haag, Goyette and Kshlerin",Celotti's Hawthorn,Crataegus ×ninae-celottiae K.I. Chr. & T.A. Dickinson,683,2687,3024
Murray-Anderson,Swamp Gentian,Gentiana douglasiana Bong.,6280,7452,2238
Olson Group,Attalea Palm,Attalea Kunth,9946,8359,6140
Considine Group,Modest Prickle Grass,Crypsis vaginiflora (Forssk.) Opiz,8390,5898,5688
"Kirlin, McGlynn and Kunde",Dodge's Anema Lichen,Anema dodgei Herre,4608,2019,9072
"Labadie, Marks and Nikolaus",Guiana Fern,Lomagramma guianensis (Aubl.) Ching,5217,7980,3207
Borer and Sons,Hog Plum,Prunus umbellata Elliott,100,2648,1807
Schoen-Kohler,Cisco Milkvetch,Astragalus sabulosus M.E. Jones var. sabulosus,2285,7897,3161
"Wisozk, Jaskolski and Heller",Freckled Milkvetch,Astragalus lentiginosus Douglas ex Hook. var. palans (M.E. Jones) M.E. Jones,1722,6614,1264
Graham Inc,Arizona Buckwheat,Eriogonum arizonicum S. Stokes ex M.E. Jones,4887,9240,1502
Kunde-Waelchi,Datura,Datura reburra Barclay,2535,8622,2341
Tillman LLC,Bunch Kerosene Grass,Aristida contorta F. Muell.,6295,8009,8058
"Larson, Flatley and Hilpert",Threadleaf Phlox,Phlox mesoleuca Greene,4074,4206,3803
Daniel LLC,Mountain Ash,Sorbus L.,9153,6526,9971
"Zulauf, Waters and Mann",Johnston's Honeysuckle,Lonicera subspicata Hook. & Arn. var. johnstonii D.D. Keck,4965,892,4864
"Doyle, Streich and Pouros",Apple Of Peru,Nicandra physalodes (L.) Scop.,9061,601,7534
Maggio Inc,Earth Loosestrife,"Lysimachia terrestris (L.) Britton, Sterns & Poggenb.",1853,3183,4533
"Leannon, Stracke and Kuhn",California Blackberry,Rubus ursinus Cham. & Schltdl. ssp. ursinus var. sirbenus (L.H. Bailey) J.T. Howell,5356,3295,4564
"Rolfson, Hartmann and Krajcik",Diamorpha,Diamorpha Nutt.,9375,8067,6538
"Daugherty, Ebert and Hirthe",Cushion Buckwheat,Eriogonum ovalifolium Nutt.,1129,981,8538
Runolfsson LLC,Donkeyweed,Pectis ciliaris L.,4727,7070,9540
Cole and Sons,Griffin's Beardtongue,Penstemon griffinii A. Nelson,1801,4197,2274
Armstrong Group,Cock's Spur,Erythrina eggersii Krukoff & Moldenke,4580,2494,2216
Larson and Sons,Silver-stem Wattle,Acacia parvipinnula Tindale,2308,7327,929
"Grady, Gerhold and Bins",Doubleclaw,Proboscidea parviflora (Wooton) Wooton & Standl. ssp. parviflora var. parviflora,2116,3297,6609
Cruickshank and Sons,Littleleaf Alumroot,"Heuchera parvifolia Nutt. ex Torr. & A. Gray var. nivalis (Rosend., Butters & Lakela) Á. Löve & D. Löve & Kapoor",1127,6989,4010
Ondricka-Bailey,Norwegian Cinquefoil,Potentilla norvegica L.,1981,4618,4410
Schulist Group,Smallflower Nemophila,Nemophila parviflora Douglas ex Benth. var. quercifolia (Eastw.) Chandler,8790,2091,4276
Padberg-Bogisich,Semecarpus,Semecarpus cassuvium Roxb.,1316,7398,2916
Muller and Sons,Narrowleaf Saw-wort,Saussurea angustifolia (Willd.) DC. var. angustifolia,3674,5954,6441
Osinski-Padberg,Smallhead Rush,Juncus brachycephalus (Engelm.) Buchenau,7808,4312,5281
"Witting, Oberbrunner and MacGyver",Cutleaf Indian Paintbrush,Castilleja lacera (Benth.) T.I. Chuang & Heckard,8397,637,2240
Windler-Boyer,Maltesecross,Lychnis chalcedonica L.,7226,565,5762
Rodriguez Group,Green-winged Orchid,Orchis morio L.,6511,846,757
Bradtke-Kassulke,Puffsheath Dropseed,Sporobolus neglectus Nash,3532,7424,4861
Shanahan Inc,Kanawao Ke'oke'o,Cyrtandra paludosa Gaudich. var. microcarpa Wawra,529,2281,5526
"Feil, Stark and Rice",Yellow Columbine,Aquilegia flavescens S. Watson,5099,9725,8420
Ritchie Inc,Nevada Gilia,Gilia brecciarum M.E. Jones ssp. brecciarum,730,230,5777
"Hackett, Boyer and McClure",Pink Redstem,Ammannia latifolia L.,6610,6576,9322
"Streich, Rath and Ernser",Hybrid Rhododendron,Rhododendron ×pennsylvanicum Rehder,1442,9958,3114
"Parisian, Hamill and Baumbach",Bellflower,Codonopsis pilosula (Franch.) Nannf.,7224,1153,8579
Leuschke and Sons,Manchurian Crab Apple,Malus mandshurica (Maxim.) Kom. var. sachalinensis (Juz.) Ponomar.,7674,6925,6041
Smith Inc,Water Foxtail,Alopecurus geniculatus L.,1613,5503,4600
Sauer LLC,Farinose Cup Lichen,Cladonia farinacea (Vain.) A. Evans,6997,2853,4228
Howe and Sons,Northern Jacob's-ladder,Polemonium boreale M.F. Adams ssp. boreale,816,4525,4322
Prosacco Group,Purpletop Tridens,Tridens flavus (L.) Hitchc. var. flavus,5004,3837,5843
"Shanahan, Ondricka and Klocko",Sixweeks Grama,Bouteloua barbata Lag.,5335,6990,7129
Welch-Schmidt,Sawgrass,Cladium P. Br.,7285,6797,2767
Glover-Langosh,Virginia Chainfern,Woodwardia virginica (L.) Sm.,9504,646,4449
Koss LLC,New Mexican Wart Lichen,Verrucaria novomexicana de Lesd.,9817,7853,5659
Sanford LLC,Descanso Milkvetch,Astragalus oocarpus A. Gray,3901,6221,4962
Turcotte and Sons,Santa Catalina Figwort,Scrophularia villosa Pennell,3644,9434,7917
Baumbach-Koch,Rim Lichen,Lecanora hybocarpa (Tuck.) Brodo,9545,9966,7426
Wisozk-Cormier,Slender Phlox,Microsteris gracilis (Hook.) Greene,4039,5460,2592
"Champlin, Maggio and Von",Willow Glowweed,Hesperodoria salicina (S.F. Blake) G.L. Nesom,673,4471,8816
"Towne, Abernathy and Hermiston",Sweet Fern,Comptonia peregrina (L.) J.M. Coult.,1796,6692,2227
Torp-Gutkowski,Lassicus Lupine,Lupinus constancei T.W. Nelson & J.P. Nelson,1737,9049,7180
Bosco-Hudson,Harwood's Milkvetch,Astragalus insularis Kellogg var. harwoodii Munz & McBurney,2189,3350,7524
Nicolas-Stark,'ohe Mauka,Tetraplasandra oahuensis (A. Gray) Harms,1483,8366,4533
"Tromp, Goodwin and Hoppe",Annual Stonecrop,Sedum annuum L.,4758,2538,786
Wiza-Bode,Sky-blue Lupine,Lupinus cumulicola Small,8229,755,1647
Huel LLC,Cryptocarya,Cryptocarya R. Br.,5600,8216,9247
Dietrich-Wyman,Orange Lichen,Caloplaca nivalis (Körb.) Th. Fr.,4001,3012,1276
Zboncak-Sawayn,Brand's Phacelia,Phacelia gilioides Brand,3816,419,9821
O'Connell Inc,Hairy Bedstraw,Galium pilosum Aiton,2978,8023,110
Ziemann-MacGyver,Spanish Stenocereus,Stenocereus fimbriatus (Lam.) Lourteig,9960,2446,3033
Kihn-Wiegand,Kirilow's Indigo,Indigofera kirilowii Maxim. ex Palib.,2908,2356,9510
Kshlerin LLC,Fiveleaf Yam,Dioscorea pentaphylla L.,7017,3333,4001
Champlin Inc,Pacific Yew,Taxus brevifolia Nutt.,2046,2580,1719
Hane and Sons,Roccella Lichen,Roccella DC.,8790,4152,6004
"Toy, Mann and Dickens",Beechleaf Frangula,Frangula betulifolia (Greene) V. Grub.,6244,126,7100
Ferry Inc,California Melicgrass,Melica californica Scribn. var. californica,2252,5122,1730
"Kunde, Hickle and Roob",Barestem Teesdalia,Teesdalia nudicaulis (L.) W.T. Aiton,7223,2876,7367
Dare-McGlynn,Yellow Foxglove,Digitalis grandiflora Mill.,2449,3404,7120
Swaniawski Group,Aloe Yucca,Yucca aloifolia L.,8346,2144,1733
"Mills, Hackett and Parisian",Oahu Clermontia,Clermontia oblongifolia Gaudich. ssp. brevipes (E. Wimm.) Lammers,923,4656,5929
Abernathy-Champlin,Pinaleno Mountain Rubberweed,Hymenoxys ambigens (S.F. Blake) Bierner var. neomexicana W.L. Wagner,4111,5612,7808
Johnson and Sons,Rue Spleenwort,Asplenium rutaceum (Willd.) Mett.,8162,4796,8780
"Feil, Kozey and Predovic",Yellow Mountain-avens,Dryas drummondii Richardson ex Hook. var. eglandulosa A.E. Porsild,1419,8005,8496
"Leannon, Barton and Witting",Panamint Mountain Mariposa Lily,Calochortus panamintensis (Ownbey) Reveal,5030,1012,8447
Cassin-Flatley,Pincushion Beardtongue,Penstemon procerus Douglas ex Graham var. procerus,527,3752,9628
Mosciski-Hirthe,Schadonia Lichen,Schadonia Körb.,3280,1077,8230
Schaefer and Sons,Ragged Robin,Lychnis flos-cuculi L.,1412,3299,6695
Jacobi Group,Cana De India,Costus guanaiensis Rusby var. macrostrobilus (K. Schum.) Maas,6011,7107,319
"Littel, Kunze and Nolan",Elmer's Lupine,Lupinus elmeri Greene,2693,9428,2521
"Homenick, Oberbrunner and Glover",Call's Angelica,Angelica callii Mathias & Constance,9734,964,5795
"Halvorson, Hintz and O'Conner",Plateilema,Plateilema (A. Gray) Cockerell,2195,2894,6805
Fisher Inc,Mojave Linanthus,Leptosiphon breviculus (A. Gray) J.M. Porter & L.A. Johnson,7568,3089,2188
"Konopelski, Buckridge and Von",Narrowleaf Willow,Salix exigua Nutt.,1183,7078,7549
Muller-Walsh,Waterloving Hawthorn,Crataegus limnophila Sarg.,5500,8569,8846
"Lang, Mitchell and Ernser",Wall-lettuce,Mycelis muralis (L.) Dumort.,9461,3381,6632
"Stamm, Romaguera and Baumbach",Joewood,Jacquinia keyensis Mez,6083,1438,2792
West and Sons,Tuffybells,Wahlenbergia linarioides (Lam.) A. DC.,8072,5225,3323
Dietrich-Armstrong,Rambling Dewberry,Rubus vagus L.H. Bailey,1187,9563,8777
Schimmel LLC,Groundplum Milkvetch,Astragalus crassicarpus Nutt.,3459,2618,6397
Considine-Smith,Flodman's Thistle,Cirsium flodmanii (Rydb.) Arthur,9156,831,9542
"Haley, Ward and Hills",Yellow And White Monkeyflower,Mimulus bicolor Hartw. ex Benth.,5461,139,1487
Wilderman-Orn,Palo De Cera,Morella holdridgeana (Lundell) Kartesz,273,3993,842
"Schumm, Flatley and Predovic",Arizona Buckwheat,Eriogonum arizonicum S. Stokes ex M.E. Jones,3496,3902,4787
"Wilkinson, Hudson and Gleason",Southern Beaksedge,Rhynchospora microcarpa Baldw. ex A. Gray,5844,6336,3404
Kuhn-Jacobs,Caribbean Clearweed,Pilea herniarioides (Sw.) Lindl.,8685,4525,8353
Swaniawski-Mante,Plumed Brickellbush,Brickellia brachyphylla (A. Gray) A. Gray,6530,7927,7972
Mayert Group,Poeppig's Rosemallow,Hibiscus poeppigii (Spreng.) Garcke,8896,1330,6747
Kuhic Group,Spreading Sandwort,Arenaria lanuginosa (Michx.) Rohrb. ssp. lanuginosa var. longipedunculata Duncan,3511,5979,5167
Kirlin-Schmidt,Dune Willow,Salix hookeriana Barratt ex Hook.,6583,944,683
Jast-Willms,Grassland Lady's Mantle,Alchemilla wichurae (Buser) Stefansson,9495,650,5929
"Wolff, Berge and Olson",Pacific Blazingstar,Mentzelia obscura H.J. Thomp. & Roberts,4220,928,8668
McKenzie-Quitzon,Mangabeira,Hancornia speciosa B.A. Gomes,8176,3029,3922
Barton-Koss,Limestone Glade Milkvetch,Astragalus bibullatus Barneby & Bridges,8933,2853,5835
Mosciski-Fritsch,Aboriginal Willowherb,Epilobium billardierianum Ser. ssp. cinereum (A. Rich.) P.H. Raven & Engelhorn,5878,9765,3011
Kutch and Sons,Thickstem Wild Cabbage,Caulanthus crassicaulis (Torr.) S. Watson var. glaber M.E. Jones,1348,9683,4091
Torphy-Boyle,Rimmed Lichen,Aspicilia heteroplaca (Zahlbr.) Oksner,943,5756,758
Leuschke Inc,Weedin's Hedgehog Cactus,Echinocereus viridiflorus Engelm. var. weedinii (Leuck ex W. Blum & Mich. Lange) A.D. Zimmerman,4267,2692,6038
Wilderman-Grant,Blue Mountain Biscuitroot,Lomatium oreganum (J.M. Coult. & Rose) J.M. Coult. & Rose,3200,855,3754
"Schoen, Brekke and Reinger",Mt. Tumbull Beardtongue,Penstemon distans N.H. Holmgren,2895,543,5958
Fisher-Yundt,Pandanus,Pandanus patina Martelli,1659,1385,597
"Cassin, Wuckert and Steuber",Palo De Caja,Allophylus racemosus Sw.,679,7429,1522
Okuneva-Boyer,Fivepetal Leaf-flower,Phyllanthus pentaphyllus C. Wright ex Griseb. ssp. polycladus (Urb.) G.L. Webster,7206,6227,1089
Boyle Group,Redcedar,Toona (Endl.) Roem.,2704,7130,8618
Jacobson Group,Red Bluet,Houstonia rubra Cav.,768,8736,695
Gibson Group,Rockloving Wavewing,Pteryxia petraea (M.E. Jones) J.M. Coult. & Rose,1730,5997,2510
"Glover, Mills and Rohan",Brown-woolly Fig,Ficus drupacea Thunb.,2340,3807,1584
Bergstrom-Bechtelar,Monkey Jack,Artocarpus rigidus Blume,5303,963,9150
Waters Group,Thunberg's Geranium,Geranium thunbergii Siebold ex Lindl. & Paxton,8689,4685,7685
Medhurst-Cole,Nuttall's Linanthus,Leptosiphon nuttallii (A. Gray) J.M. Porter & L.A. Johnson ssp. nuttallii,2942,4459,4941
Deckow-Nicolas,Great Basin Woollystar,Eriastrum sparsiflorum (Eastw.) H. Mason,2399,9508,5584
"Grimes, Morissette and Schuppe",Scaldweed,Cuscuta gronovii Willd. ex Schult. var. gronovii,4841,8724,6701
"Flatley, Moen and Schoen",Drummond's Ulota Moss,Ulota drummondii (Hook. & Grev.) Brid.,8741,6989,5356
"Roob, Senger and Cummerata",Blue Mountain Catchfly,Silene scaposa B.L. Rob.,2827,7719,1237
"Rippin, Rice and Tillman",Snowbrush Ceanothus,Ceanothus velutinus Douglas ex Hook. var. velutinus,138,7115,4955
Miller LLC,Tiburon Mariposa Lily,Calochortus tiburonensis A.J. Hill,9224,1473,5726
Olson LLC,Na Pali Rockwort,Nototrichium divaricatum D.H. Lorence,5224,7725,3502
"Deckow, Barrows and Cruickshank",Freckled Milkvetch,Astragalus lentiginosus Douglas ex Hook. var. antonius Barneby,482,441,9730
"Parker, Goldner and Carter",Coastal Wormwood,Artemisia suksdorfii Piper,976,4203,1587
Howell-Dickinson,Hulteniella,Hulteniella Tzvelev,451,5182,1830
Harris LLC,Annual Hedgenettle,Stachys annua (L.) L.,8821,8501,6913
"Block, Homenick and Kris",Puerto Rico Alfilerillo,Machaonia portoricensis Baill.,1007,8109,3680
"Daniel, Heaney and Runte",Hillebrand's Phyllostegia,Phyllostegia hillebrandii H. Mann ex Hillebr.,3274,1125,4479
Larson-O'Hara,Greenleaf Willow,Salix lucida Muhl. ssp. caudata (Nutt.) A.E. Murray,5887,3222,5815
O'Keefe-Wiegand,Surf Thistle,Cirsium rhothophilum S.F. Blake,5413,9769,7318
Grimes-Bernier,Nissenan Manzanita,Arctostaphylos nissenana Merriam,9915,5485,1113
"Connelly, Schmitt and Hahn",Polytrichum Moss,Polytrichum strictum Brid.,975,3312,8963
Cormier and Sons,Coastal Sand Paspalum,Paspalum maritimum Trin.,2402,6031,4970
McDermott-Cruickshank,Hibiscadelphus,Hibiscadelphus ×puakuahiwi K. Baker & S. Allen,7126,3686,5938
Lubowitz Inc,Tree Climacium Moss,Climacium dendroides (Hedw.) F. Weber & D. Mohr,6153,6635,2975
Bogan LLC,Noel's Owl's-clover,Orthocarpus tolmiei Hook. & Arn. ssp. holmgreniorum T.I. Chuang & Heckard,1082,4155,107
MacGyver-Rolfson,San Luis Obispo Monardella,Monardella frutescens (Hoover) Jokerst,2661,6751,7664
Kozey-Lehner,Winged Rockcress,Sibara Greene,2014,6024,4414
Hoppe-Nitzsche,Fescue,Festuca L.,5570,7721,5746
"Wiegand, Hettinger and Hane",Mono Lake Lupine,Lupinus duranii Eastw.,6219,9839,7000
"Crist, Simonis and King",Longstalk Phacelia,Phacelia longipes Torr. ex A. Gray,8979,2792,3051
Douglas-White,Columbian Monkshood,Aconitum columbianum Nutt. ssp. viviparum (Greene) D.E. Brink,2328,5021,741
"Dach, Lang and Breitenberg",Hybrid Oak,Quercus ×saulii C.K. Schneid.,7385,3000,6293
Littel-Renner,Molokai Flatsedge,Cyperus phleoides (Nees ex Kunth) Hillebr.,8705,4368,2189
"Feil, Zieme and Kohler",Moscow Salsify,Tragopogon miscellus Ownbey,369,4913,4338
Johnson and Sons,Stiff Clubmoss,Lycopodium annotinum L.,5334,8427,4601
"Robel, Welch and Schuster",Fresno County Bird's Beak,Cordylanthus tenuis A. Gray ssp. barbatus T.I. Chuang & Heckard,4223,153,7433
Parker Group,Coigue,Nothofagus dombeyi (Mirb.) Blume,9381,3895,1268
"Jacobs, Hickle and Walker",Doubtful Knight's-spur,Consolida ajacis (L.) Schur,818,1069,7863
"Cormier, Sanford and Blanda",Fetid Passionflower,Passiflora foetida L.,5344,8542,817
"Fay, Kshlerin and Friesen",Wright's Dwarf Gentian,Gentianella wrightii (A. Gray) Holub,2441,434,2500
Spencer-Lockman,Birdcatching Sedge,Uncinia hamata (Sw.) Urb.,7744,5788,7796
"D'Amore, Lind and Zboncak",Glacial Sedge,Carex glacialis Mack.,4076,7676,4873
Schoen Group,Ring Lichen,Evernia prunastri (L.) Ach.,386,2041,540
Schulist-Kub,Plank's Catchfly,Silene plankii C.L. Hitchc. & Maguire,5013,8791,9530
Casper Inc,Grass-like Starwort,Stellaria graminea L.,5048,7484,4323
Davis-Schinner,Spinach,Spinacia oleracea L.,6176,9787,5298
Berge Group,Alex's Dock,Rumex ×alexidis B. Boivin,4845,9524,3437
Blanda and Sons,Lady Doorly's Morning-glory,Ipomoea horsfalliae Hook.,2060,3560,578
Romaguera-Von,Dimple Lichen,Gyalecta kukriensis (Rasanen) Rasanen,2809,8850,7842
"Pollich, Trantow and Davis",Skullcap Speedwell,Veronica scutellata L.,8885,6578,7225
"Schuppe, Wilkinson and Breitenberg",Large Mountain Fleabane,Erigeron coulteri Porter,1927,9564,8972
"Rath, Schimmel and Jones",Hidden Phacelia,Phacelia inconspicua Greene,937,6127,9983
Schroeder-Grimes,Amargosa Niterwort,Nitrophila mohavensis Munz & Roos,5411,1595,2781
Rath LLC,Asiatic Witchweed,Striga asiatica (L.) Kuntze,2954,2840,8853
"Hammes, Bechtelar and Jaskolski",Rothrock's Fiddleleaf,Nama rothrockii A. Gray,3961,6333,1347
"Weissnat, Hintz and Buckridge",Oldfield Dewberry,Rubus mundus L.H. Bailey,8268,2296,1444
Hilll and Sons,Davis' Milkweed,Asclepias cryptoceras S. Watson ssp. davisii (Woodson) Woodson,8606,9850,4144
Durgan LLC,Palm-grass,Curculigo capitulata (Lour.) Kuntze,9124,7504,1484
Gleason Group,Desert Centaury,Centaurium exaltatum (Griseb.) W. Wight ex Piper,9806,6086,3547
Graham LLC,Orange Lichen,Caloplaca vitellinula (Nyl.) H. Olivier,744,1593,7792
Abshire-Schaden,Bigleaf Sedge,Carex amplifolia Boott,4712,1012,9469
"Pollich, Davis and Bergstrom",Oregon Gumweed,Grindelia stricta DC. var. angustifolia (A. Gray) M.A. Lane,4121,7338,5279
Boyle-Bashirian,Rockyscree False Goldenaster,Heterotheca fulcrata (Greene) Shinners var. fulcrata,2076,9171,1094
"Reinger, Littel and Ullrich",Beautyhead,Baltimora recta L.,3515,5352,1932
"Swift, Waelchi and Ebert",Monterey Spineflower,Chorizanthe pungens Benth. var. pungens,5419,2994,5838
Shanahan LLC,Red Rock Poppy,Eschscholzia minutiflora S. Watson ssp. twisselmannii C. Clark,2292,6327,6257
"Wilderman, Bergstrom and Erdman",Clammy Locust,Robinia viscosa Vent.,5645,470,8057
Wolf-Spencer,Dwarf Checkerbloom,Sidalcea malviflora (DC.) A. Gray ex Benth. ssp. virgata (Howell) C.L. Hitchc.,6676,5887,8846
"Kohler, Moore and Barrows",Gulf Coast Swallow-wort,Cynanchum angustifolium Pers.,1098,6010,6538
Volkman-Runte,Fosberg's Lovegrass,Eragrostis fosbergii Whitney,4778,8297,7244
Brekke-Mann,Tharp's Croton,Croton lindheimerianus Scheele var. tharpii M.C. Johnst.,1331,5793,5979
Beahan-Larkin,California Buttercup,Ranunculus californicus Benth.,4062,2942,9295
Kulas-Hickle,Creeping Strapfern,Campyloneurum repens (Aubl.) C. Presl,1648,5939,5564
Emard LLC,Alpine Dustymaiden,Chaenactis douglasii (Hook.) Hook. & Arn. var. alpina A. Gray,7845,3471,2188
"Kovacek, Moore and Nicolas",Strigose Bird's-foot Trefoil,Lotus strigosus (Nutt.) Greene var. tomentellus (Greene) Isely,9316,281,9979
Mante and Sons,Bellard's Smartweed,Polygonum patulum M. Bieb.,1398,2130,2367
O'Hara-Dach,Schinz's Pepperweed,Lepidium schinzii Thell.,568,5771,4454
Bartell Inc,Feltleaf Willow,Salix alaxensis (Andersson) Coville,1190,3269,3732
"Hackett, Skiles and Cummerata",Princesplume,Stanleya Nutt.,4265,9931,2973
Mayert-Lakin,Oatgrass,Arrhenatherum P. Beauv.,1649,9541,3417
Morissette and Sons,Spiral Ginger,Costus pulverulentus C. Presl,4719,3477,4492
Kub-Herzog,Narrowleaf Purple Everlasting,Gamochaeta falcata (Lam.) Cabrera,273,1770,3777
MacGyver Inc,Peck's Beardtongue,Penstemon peckii Pennell,8333,1105,4219
Mann LLC,Scotch Rose,Rosa spinosissima L.,4023,9326,4206
Durgan-Stoltenberg,Netleaf White Oak,Quercus polymorpha Schltdl. & Cham.,8024,9976,7761
Ondricka-Gutkowski,Fringed Bluestar,Amsonia ciliata Walter,5897,8646,3471
Lebsack LLC,Lesser California Rayless Fleabane,Erigeron reductus (Cronquist) G.L. Nesom var. angustatus (A. Gray) G.L. Nesom,9450,8778,1171
Kerluke-Boyle,Tanglehead,Heteropogon contortus (L.) P. Beauv. ex Roem. & Schult.,3480,9081,4177
"Lang, Graham and Ratke",Tall Ironweed,Vernonia angustifolia Michx. ssp. angustifolia,2159,6682,8234
Wunsch-Murazik,Cane,Arundinaria Michx.,9030,3759,8367
"Champlin, Cummings and Barton",Purpledisk Honeycombhead,Balduina atropurpurea Harper,7288,8373,417
Kohler Group,Mahogany,Afzelia Sm.,6936,1410,6636
Carroll-Connelly,Bigleaf Paspalum,Paspalum macrophyllum Kunth,3836,2658,2926
Morar-Hagenes,Smallhead Doll's Daisy,Boltonia diffusa Elliott var. interior Fernald & Grisc.,3928,5058,7515
Lemke-Leuschke,Fewflower Nutrush,Scleria pauciflora Muhl. ex Willd. var. pauciflora,5065,5484,5595
Donnelly Group,Oregano,Origanum vulgare L.,9257,9842,6313
Boehm LLC,Garden Valerian,Valeriana officinalis L.,1740,2382,8549
McKenzie-Ruecker,French Sorrel,Rumex scutatus L.,3093,189,9219
Howell LLC,Smallhead Rush,Juncus brachycephalus (Engelm.) Buchenau,941,1386,5903
"Feeney, Wyman and Kohler",Hedge False Bindweed,Calystegia sepium (L.) R. Br. ssp. angulata Brummitt,5399,8079,5129
Daugherty and Sons,Greenland Lecania Lichen,"Lecania groenlandica (Lynge) ?, ined.?",1237,1103,9952
Lynch-Schmidt,Chinese Knotweed,Polygonum chinense L.,3580,7308,5517
Lowe and Sons,Caribbean Fingergrass,Eustachys paspaloides (Vahl) Lanza & Mattei ssp. caribaea (Spreng.) Nowack,495,6217,8531
"Terry, Champlin and Waters",Disc Lichen,Buellia silicicola de Lesd.,7066,6110,8393
"Kiehn, Lind and Littel",Tworank Sedge,Carex disticha Huds.,5854,8924,2763
"Tremblay, Stoltenberg and Hayes",Maricao Pricklyash,Zanthoxylum bifoliolatum Leonard,6610,9562,6590
King-Braun,Mendocino Sedge,Carex mendocinensis Olney,4137,4904,8936
Gaylord-Yundt,Slimstem Muhly,Muhlenbergia filiculmis Vasey,9488,8383,1668
Harvey-Schuppe,Lesser Spikemoss,Selaginella densa Rydb. var. densa,9921,282,7350
"Kub, Reynolds and Grant",Curly Dock,Rumex crispus L. ssp. crispus,3102,414,5766
Steuber and Sons,Tortula Moss,Tortula princeps De Not.,668,792,2302
Hermiston LLC,Northern Bog Clubmoss,"Lycopodiella subappressa J.G. Bruce, W.H. Wagner & Beitel",6840,8676,8340
Kuphal LLC,Virginia Pepperweed,Lepidium virginicum L. var. virginicum,483,2698,1893
Conroy-McClure,White Rose Of York,Rosa ×alba L. (pro sp.),7586,8815,7836
"Macejkovic, Bernhard and Balistreri",Boston Swordfern,Nephrolepis exaltata (L.) Schott ssp. hawaiiensis W.H. Wagner,3940,6313,5538
Kuhlman-Orn,Marsh Muhly,"Muhlenbergia racemosa (Michx.) Britton, Sterns & Poggenb.",2858,2824,8654
"Auer, Mante and Torp",Klamath Coneflower,Rudbeckia klamathensis P. Cox & Urbatsch,9844,4682,2446
Goodwin Inc,Rabbitbells,Crotalaria rotundifolia Walter ex J.F. Gmel.,639,6631,4204
"Daugherty, Jacobs and Hessel",Teton Lupine,Lupinus wyethii S. Watson ssp. tetonensis (E.E. Nelson) Cox & D. Dunn,771,4292,5481
Stark LLC,Rough Fleabane,Erigeron asper Nutt.,1688,3700,959
Schuppe Inc,Mackenzie Valley Mannagrass,Glyceria pulchella (Nash) K. Schum.,1306,4590,528
Lakin and Sons,Kotzebue's Grass Of Parnassus,Parnassia kotzebuei Cham. ex Spreng.,7219,5240,1934
Klein Inc,Rough Brickellbush,Brickellia microphylla (Nutt.) A. Gray var. scabra A. Gray,8942,6792,6150
"Skiles, Gislason and Beatty",Kalinia Grass,Kalinia obtusiflora (E. Fourn.) H.L. Bell & Columbus,1873,1357,1985
"O'Keefe, Howell and Hauck",Warner Springs Lessingia,Lessingia glandulifera A. Gray var. tomentosa (Greene) Ferris,3495,4569,6414
Waters LLC,Dicranum Moss,Dicranum fuscescens Turner,5665,544,7050
"Bernier, Pfeffer and Casper",Chaparral Sedge,Carex xerophila Janeway & Zika,6752,2968,6815
Hudson-Mitchell,Partridge Pea,Chamaecrista fasciculata (Michx.) Greene var. macrosperma (Fernald) C.F. Reed,5549,3019,4176
"Boyer, Will and Batz",Coriander,Coriandrum L.,4796,8129,2577
Zieme and Sons,Kauai Cyanea,Cyanea fissa (H. Mann) Hillebr. ssp. gayana (Rock) Lammers,9343,975,1979
Bins Group,Cheirodendron,Cheirodendron Nutt. ex Seem.,8223,3450,7467
"Ankunding, West and Wuckert",Voitia Moss,Voitia nivalis Hornsch.,9879,699,3807
Davis and Sons,Erichsen's Wart Lichen,Verrucaria erichsenii Zschacke,671,2882,5544
Windler and Sons,Summer Pheasant's Eye,Adonis aestivalis L.,5516,871,9086
Jaskolski-Stark,Crested Floatingheart,Nymphoides cristata (Roxb.) Kuntze,8937,9905,6341
Upton-Rosenbaum,Bristly Stickseed,Hackelia setosa (Piper) I.M. Johnst.,5735,7727,5803
"Maggio, Koelpin and Quitzon",Underwood's Stopper,Eugenia underwoodii Britton,4492,7248,375
Howell and Sons,Ozark Phlox,Phlox pilosa L. ssp. ozarkana (Wherry) Wherry,2101,1088,269
"Shields, Heller and Corkery",Barratt's Sedge,Carex barrattii Schwein. & Torr.,8779,9077,7928
"Jaskolski, O'Reilly and Hessel",Softhair Coneflower,Rudbeckia mollis Elliott,5440,1788,5505
Bashirian Group,Strawflower,Bracteantha Anderb. & Heagi,9542,7027,4778
Harris Group,Strong Quillwort,Isoetes valida (Engelm.) Clute,157,3757,509
"Schmidt, Nienow and Treutel",White Bladderflower,Araujia sericifera Brot.,6423,8082,9646
Considine-Crist,Largepod Pinweed,Lechea intermedia Leggett ex Britton,5532,7650,8015
Armstrong Group,Serrate Ptychomitrium Moss,Ptychomitrium serratum (Müll. Hal.) Bruch & Schimp.,3169,2001,7191
Jerde-Hane,Woolly Locoweed,Astragalus mollissimus Torr.,8365,9987,6753
Little-Bailey,American Wintergreen,Pyrola americana Sweet,2327,701,3385
Turner-Schneider,Birthwort,Aristolochia clematitis L.,7307,6223,8911
Tillman-Hagenes,Hoffmann's Cryptantha,Cryptantha hoffmannii I.M. Johnst.,5707,4567,7056
"Mosciski, Harvey and Turner",Cornish Mallow,Lavatera cretica L.,3783,347,8288
Bashirian-Emard,Cottonheads,Nemacaulis Nutt.,4565,4163,7303
Farrell-Dach,Ctenolepis,Ctenolepis Benth. & Hook. f.,1770,4677,4306
Predovic and Sons,Cumberland Sedge,"Carex cumberlandensis Naczi, Kral & Bryson",6603,6071,9081
Larkin-Considine,Chinese Chastetree,Vitex negundo L. var. intermedia (P'ei) Moldenke,9151,9956,9136
"Jones, Romaguera and Haag",Wand Goldenrod,Solidago stricta Aiton,5599,8028,2870
"Wintheiser, Cremin and Hegmann",American Hogpeanut,Amphicarpaea bracteata (L.) Fernald var. bracteata,183,7288,3912
"Larson, Hammes and Windler",Stinking Strawflower,Helichrysum foetidum (L.) Cass.,5509,3452,6124
Lebsack Inc,Annual Nehe,Lipochaeta remyi A. Gray,3442,7244,4648
"Stokes, Ullrich and Adams",Colton's Milkvetch,Astragalus coltonii M.E. Jones var. coltonii,1476,1761,1841
"Veum, Turner and Rice",Perennial Sandgrass,Triplasis americana P. Beauv.,4018,7933,3135
Kassulke Inc,White Arrow Arum,Peltandra sagittifolia (Michx.) Morong,8028,3881,7516
Boyle-Wilkinson,Boreal Draba,Draba borealis DC.,7087,4550,3616
Balistreri LLC,Giant Swordfern,Nephrolepis biserrata (Sw.) Schott,6704,1400,4333
Hartmann-Christiansen,Subalpine Goldenbush,Ericameria zionis (L.C. Anderson) G.L. Nesom,5389,523,7279
"Pagac, Zemlak and Kuhlman",Lace Hedgehog Cactus,Echinocereus reichenbachii (Terscheck ex Walp.) hort ex Haage ssp. perbellus (Britton & Rose) N.P. Taylor,6415,9113,876
"Windler, Blick and Ryan",Columbian Monkshood,Aconitum columbianum Nutt. ssp. columbianum,2159,9138,2285
Nitzsche-MacGyver,Brewer's Angelica,Angelica breweri A. Gray,726,3618,6822
Schinner LLC,Sphenoclea,Sphenoclea Gaertn.,8405,3572,5234
Kilback Inc,Richard's Yelloweyed Grass,Xyris jupicai Rich.,1779,7675,7339
Wisoky-Baumbach,Rimmed Navel Lichen,Rhizoplaca marginalis (Hasse) W.A. Weber,5065,860,9062
"O'Kon, Mosciski and Murazik",Texas Ringstem,Anulocaulis reflexus I.M. Johnst.,2978,5247,6947
"Schaden, McCullough and Buckridge",Wright's Rosette Grass,Dichanthelium wrightianum (Scribn.) Freckmann,5213,655,7598
Windler-Gorczany,Willowleaf Frostweed,Helianthemum salicifolium (L.) Mill.,8298,5631,4755
"Tillman, West and Herzog",Coffee Cliffbrake,Pellaea andromedifolia (Kaulf.) Fée,135,9974,1859
Schuppe Group,Dicranum Moss,Dicranum polysetum Sw.,2923,8431,6155
Greenfelder-Kassulke,Cassia,Cassia L.,2195,8265,528
"Mante, Bode and Russel",Cedar Breaks Milkvetch,Astragalus limnocharis Barneby,3572,7999,6643
Davis Group,Alpinia,Alpinia Roxb.,6639,4738,2680
"Lind, West and Marvin",Scaly Globemallow,Sphaeralcea leptophylla (A. Gray) Rydb.,1348,3612,6229
Streich and Sons,Dot Lichen,Arthonia tetramera (Stizenb.) Hasse,3116,2502,6980
"McCullough, Hodkiewicz and Hirthe",Smallflower Beach Pea,Lathyrus japonicus Willd. var. parviflorus Fassett,7433,2207,5888
Bartoletti Group,Pink Plains Beardtongue,Penstemon ambiguus Torr. var. laevissimus (D.D. Keck) N.H. Holmgren,3012,5206,5198
"Rodriguez, Roberts and Feil",Mountain-avens,Dryas ×wyssiana Beauverd,4759,9210,6432
White LLC,Idria Buckwheat,Eriogonum vestitum J.T. Howell,7845,4746,9736
"Stiedemann, Nikolaus and Murphy",Southern Waternymph,Najas guadalupensis (Spreng.) Magnus ssp. guadalupensis,8519,1460,7965
Turner Inc,Rattlebox,Crotalaria alata Buch.-Ham. ex D. Don,8188,3665,1019
Schimmel-Thompson,Sourwood,Oxydendrum arboreum (L.) DC.,8468,2650,1423
Quigley-Kreiger,Thelia Moss,Thelia Sull.,8015,4724,2053
Kulas LLC,Giant Sunflower,Helianthus giganteus L.,3750,9172,7813
Hickle-Fay,Wright's Bird's Beak,Cordylanthus wrightii A. Gray ssp. tenuifolius (Pennell) T.I. Chuang & Heckard,5889,4589,6293
O'Reilly-Wilkinson,Moulins' Silverskin Lichen,Dermatocarpon moulinsii (Mont.) Zahlbr.,7595,1968,2130
Funk Group,Gulf Croton,Croton punctatus Jacq.,1761,6533,1387
Mueller Inc,Cusick's Fumewort,Corydalis caseana A. Gray ssp. cusickii (S. Watson) G.B. Ownbey,1642,6039,7254
Gerhold-Block,Diamond Maidenhair,Adiantum trapeziforme L.,2485,7350,5604
Corwin Inc,Whiskered Brome,Bromus grossus Desf. ex DC.,199,7090,9119
Rosenbaum-Harvey,Dahurian Buckthorn,Rhamnus davurica Pall. ssp. nipponica (Makino) Kartesz & Gandhi,5309,1471,3151
"DuBuque, Kilback and Schuppe",Distichium Moss,Distichium capillaceum (Hedw.) Bruch & Schimp. var. curvatum Flow.,5896,3611,1916
Reichel-Kshlerin,Gale Of The Wind,Phyllanthus niruri L. ssp. niruri,3453,8257,6818
"Jakubowski, Will and Mills",Winged Panicgrass,Panicum alatum F. Zuloaga & O. Morrone,251,6532,3906
Crooks-Ritchie,Rhizomnium Moss,Rhizomnium glabrescens (Kindb.) T. Kop.,6558,2112,7680
"Emard, Hand and Hilpert",Big Bend Barometerbush,Leucophyllum minus A. Gray,9119,6560,6860
"Prohaska, McCullough and Hilll",Faurie's Cyanea,Cyanea fauriei Levl.,1656,4320,9466
"Crona, Graham and West",Shield Lichen,Heterodermia speciosa (Wulfen) Trevis.,5185,577,3055
D'Amore-Moen,Parish's Flatsedge,Cyperus parishii Britton,9442,2975,3947
"Mosciski, Simonis and Hane",Spadeleaf,Centella asiatica (L.) Urb.,9840,837,665
D'Amore Inc,Frogbit Buttercup,Ranunculus hydrocharoides A. Gray var. hydrocharoides,7126,6373,299
Donnelly and Sons,Rydberg's Blackberry,Rubus rydbergianus L.H. Bailey,3498,8725,8450
Erdman-McKenzie,Pitaya,Echinocereus enneacanthus Engelm. var. brevispinus (W.O. Moore) L.D. Benson,4666,3416,9148
"Kautzer, Friesen and Koepp",Mat Milkvetch,Astragalus kentrophyta A. Gray var. tegetarius (S. Watson) Dorn,528,8470,3605
"Renner, Mosciski and Harber",Geyer's Larkspur,Delphinium geyeri Greene,896,7457,287
"Shields, Hudson and Monahan",Neglected Balsamroot,Balsamorhiza hookeri (Hook.) Nutt. var. neglecta (Sharp) Cronquist,5326,298,7813
"Wehner, DuBuque and Torp",Oxeye,Heteranthemis Schott,2607,6703,3623
Kling and Sons,Maidenhair Vine,Muehlenbeckia complexa Meisn.,778,1509,9325
Willms-Jast,Polysporina Lichen,Polysporina simplex (Davies) Vezda,9269,410,2004
Hagenes-Goyette,Puerto Rico Water-willow,Justicia martinsoniana Howard,933,8470,6356
"Mosciski, Larson and Witting",Globe Ball Lichen,Sphaerophorus globosus (Huds.) Vain.,5147,732,6336
Heathcote and Sons,Smooth Yellow False Foxglove,Aureolaria flava (L.) Farw.,5665,5747,8480
Yost Group,Basalt Fleabane,Erigeron basalticus Hoover,8929,1616,4514
Dare-Auer,Hairy Torchwood,Amyris diatrypa Spreng.,5112,1596,7277
Runolfsson-Gislason,Tufted Alpine Saxifrage,Saxifraga caespitosa L.,1665,1867,6199
Ortiz-Carter,Actinidia,Actinidia Lindl.,8902,2080,8678
"Swaniawski, Moore and Anderson",Rattan's Milkvetch,Astragalus rattanii A. Gray var. rattanii,6899,5995,1261
Kerluke Group,Dentate False Pennyroyal,Hedeoma dentata Torr.,4528,8894,2096
"Reilly, Boehm and Corkery",Cobwebby Thistle,Cirsium occidentale (Nutt.) Jeps. var. occidentale,6250,2834,8448
Johns-Ruecker,Annual Windmills,Allionia choisyi Standl.,6582,5858,8761
Vandervort LLC,Wallich's Bindweed,Convolvulus wallichianus Spreng.,1188,3159,8574
"O'Hara, Willms and Jaskolski",Native Sedge,Carex vernacula L.H. Bailey,5072,3777,7423
Bogisich and Sons,Wart Lichen,Verrucaria rheitrophila Zschacke,7274,7659,1058
Bosco-Parisian,Dot Lichen,Micarea turfosa (A. Massal.) Du Rietz,7407,7186,931
McGlynn Group,Montanoa,Montanoa Llave & Lex.,9155,9747,9905
Koss-Wiza,Antelope Valley Beardtongue,Penstemon janishiae N.H. Holmgren,3154,1707,3077
"Streich, Maggio and Christiansen",Cholla,Cylindropuntia ×deserta (Griffiths) Pinkava (pro sp.),9307,9335,4768
Bahringer-Bergnaum,Purdy's Fritillary,Fritillaria purdyi Eastw.,3617,2230,4612
Batz-Macejkovic,Amerorchis,Amerorchis Hultén,7765,4117,1764
Bradtke-Durgan,Jimbrush,Ceanothus sorediatus Hook. & Arn.,3309,5865,7759
Rolfson-Cronin,Skin Lichen,Leptogium byssinum (Hoffm.) Zwackh ex Nyl.,2868,1321,6302
Bernier Inc,Thickstem Wild Cabbage,Caulanthus crassicaulis (Torr.) S. Watson var. crassicaulis,764,4530,9821
Towne-Feest,Orange Lichen,Caloplaca holocarpa (Hoffm. ex Ach.) M. Wade,890,7778,1907
Keeling-Fay,Green Dragon,Arisaema dracontium (L.) Schott,566,7744,7286
"Herzog, Heathcote and Conroy",Rollins' Clover,Trifolium rollinsii J.M. Gillett,4639,9093,9142
"Graham, Schuppe and Reichert",Longstem Buckwheat,Eriogonum elongatum Benth.,3019,6876,8446
"Grant, Breitenberg and Champlin",Violet,Viola L.,9801,8423,705
Howe LLC,Northern Fescue,Festuca viviparoidea Krajina ex Pavlick,9531,7932,9046
Powlowski LLC,Grassnut,Arachis prostrata Benth.,1809,6666,765
"Johnston, Mitchell and Rohan",Whitebox,Eucalyptus hemiphloia F. Muell. ex Benth. var. albens (Benth.) Maiden,3382,3611,7727
Stracke LLC,Robust Starwort,Stellaria oxyphylla B.L. Rob.,7012,8170,3419
"Stanton, Beatty and Yost",Cottony Goldenaster,Chrysopsis gossypina (Michx.) Elliott ssp. hyssopifolia (Nutt.) Semple,7714,7386,6449
"MacGyver, O'Conner and Jacobs",Peltula Lichen,Peltula obscurans (Nyl.) Gyel. var. deserticola (Zahlbr.) Wetmore,2810,1306,5774
Kohler Group,Roundleaf Stork's Bill,Erodium macrophyllum Hook. & Arn. var. macrophyllum,1317,4277,3085
Homenick Inc,Yellowtops,Flaveria Juss.,9944,1721,3926
"Kirlin, Barton and Abernathy",Gale Of The Wind,Phyllanthus niruri L. ssp. lathyroides (Kunth) G.L. Webster,1178,7841,1744
Jaskolski Group,Bunge's Smartweed,Polygonum bungeanum Turcz.,9496,7490,7331
Thiel-Satterfield,Wart Lichen,Verrucaria rheitrophila Zschacke,6136,9008,4933
Toy-Weissnat,Spotted Joe Pye Weed,Eutrochium maculatum (L.) E.E. Lamont var. maculatum ,7258,9698,6334
Morissette-McLaughlin,Pennsylvania Buttercup,Ranunculus pensylvanicus L. f.,7599,1602,768
"Schaden, Zieme and Boyle",Haleakala Clermontia,Clermontia tuberculata Forbes,9188,7622,3410
Gorczany and Sons,Seashore Saltbush,Atriplex drymarioides Standl.,5711,3120,4832
Harris and Sons,Mexican Swallow-wort,Cynanchum ligulatum (Benth.) Woodson,2690,8526,9661
Muller LLC,Yukon Fleabane,Erigeron yukonensis Rydb.,3380,9045,1087
"Rowe, Robel and Corwin",Frightful Sedge,Carex molestiformis Reznicek & P. Rothr.,1783,9532,7401
Johnson LLC,Silver Saltbush,Atriplex bunburyana F. Muell.,8923,5042,1071
Aufderhar-Block,Phaeocalicium Lichen,Phaeocalicium A.F.W. Schmidt,7215,1353,2380
Conroy-Prohaska,Kuroiwa Grass,Thuarea Pers.,8734,790,5674
Kreiger-Ryan,Gregg's Hawthorn,Crataegus greggiana Eggl.,4560,5483,4952
Murray LLC,Engelmann's Hedgehog Cactus,Echinocereus engelmannii (Parry ex Engelm.) Lem. var. variegatus (Engelm. & J.M. Bigelow) Rümpler,3313,2019,7415
Kovacek-Marvin,Candyleaf,Stevia Cav.,6356,4819,9965
O'Kon Inc,Intermediate Cup Lichen,Cladonia ecmocyna Leight. ssp. intermedia (Robbins) Ahti,4079,7589,9905
"Mitchell, Bahringer and Mosciski",Abey Amarillo,Ouratea littoralis Urb.,1783,5943,2966
"Stark, Kulas and Prohaska",Piedmont False Pimpernel,Lindernia monticola Muhl. ex Nutt.,9427,4725,4003
Waters LLC,Carrion-flower,Stapelia hirsuta L.,8200,3507,1742
Stroman Inc,Indian Rubberplant,Ficus elastica Roxb. ex Hornem.,7051,3551,4945
Kunze-Ratke,Arum,Arum L.,2943,6550,2745
Turner-Konopelski,Caley Pea,Lathyrus hirsutus L.,8094,7403,6796
"Beatty, Schinner and Dickinson",Britton's Phlox,Phlox subulata L. ssp. brittonii (Small) Wherry,7468,9181,5917
Beer LLC,Map Lichen,Rhizocarpon pusillum Runem.,6217,8721,7542
Kuhlman-Ziemann,Convallaria,Convallaria L.,5333,4252,9400
Langworth-Torp,Southern Hayscented Fern,Dennstaedtia globulifera (Poir.) Hieron.,1631,2207,7719
Hirthe Inc,Appalachian Mountainmint,"Pycnanthemum flexuosum (Walter) Britton, Sterns & Poggenb.",3975,8115,2827
Murazik-Simonis,Pygmy Alpinegold,Hulsea vestita A. Gray ssp. pygmaea (A. Gray) Wilken,6535,2263,5238
"Roberts, Littel and Langosh",Purple Sweetroot,Osmorhiza purpurea (J.M. Coult. & Rose) Suksd.,9035,3068,3146
Upton and Sons,Hairy Rockrose,Cistus incanus L. ssp. corsicus (Loisel.) Heywood,1740,4201,1967
Klocko Group,Little Elephantshead,Pedicularis attollens A. Gray,5552,5517,4878
"Predovic, Denesik and Beahan",Cascara Buckthorn,Frangula purshiana (DC.) A. Gray ssp. purshiana,8463,6949,6491
Lehner Inc,Drug Fumitory,Fumaria officinalis L. ssp. wirtgenii (W.D.J. Koch) Arcang.,1934,4348,4711
Kuvalis LLC,Corn Buttercup,Ranunculus arvensis L.,306,8605,3425
Lang-Hane,Florida Thoroughwort,Eupatorium anomalum Nash,3469,6540,9795
"Greenfelder, Stroman and Pagac",Prickly Spineflower,Chorizanthe rectispina Goodman,6142,961,4147
Bergnaum-Kessler,Uruguayan Vervain,Verbena montevidensis Spreng.,9531,9960,5833
Howell Inc,Oregon Checkerbloom,Sidalcea oregana (Nutt. ex Torr. & A. Gray) A. Gray,1054,5247,1404
Kessler Inc,Sphagnum,Sphagnum subnitens Russow & Warnst.,4831,2617,9045
Nicolas-Davis,Elegant Cinquefoil,Potentilla concinna Richardson var. concinna,7676,3757,1276
"Lebsack, Zulauf and Wilderman",Oahu False Ohelo,Wikstroemia oahuensis (A. Gray) Rock var. palustris (Hochr.) Peterson,151,3135,7193
"Cormier, Erdman and Ferry",Ring Lichen,Evernia perfragilis Llano,1601,9160,6143
Beier-Boyle,Limewater Brookweed,Samolus ebracteatus Kunth ssp. alyssoides (A. Heller) R. Knuth,8687,1725,9711
Borer LLC,European Smoketree,Cotinus coggygria Scop.,9694,4794,2745
Goldner-Turner,Dugway Buckwheat,Eriogonum nutans Torr. & A. Gray var. glabratum Reveal,8019,9750,7651
Reichert Inc,Jerusalem Artichoke,Helianthus tuberosus L.,5859,3510,130
"Donnelly, Stroman and Aufderhar",California Larkspur,Delphinium californicum Torr. & A. Gray ssp. interius (Eastw.) Ewan,1068,6754,8691
Greenfelder LLC,Pteralyxia,Pteralyxia K. Schum.,3240,6114,7065
Boehm-Considine,Showy Whitetop,Rhynchospora nivea Boeckeler,1774,7116,8395
Waters-Mosciski,Ladiestongue Mustard,Heterodraba unilateralis (M.E. Jones) Greene,6143,9416,1324
Bernier Inc,Amador County Vervain,Verbena ×clemensiorum Moldenke,9672,3796,3803
"Littel, Ferry and Leffler",Playa Yellow Phacelia,Phacelia inundata J.T. Howell,4348,7110,4331
Waelchi Inc,Coneplant,Hemitomes congestum A. Gray,1441,5452,1554
"Hagenes, Strosin and Mayert",Varigated Tufted Airplant,Guzmania monostachia (L.) Rusby ex Mez var. variegata (hort. ex Nash) M.B. Foster,8623,3373,6438
Okuneva-Prohaska,Puerto Rico Indigoberry,Randia portoricensis (Urb.) Britton & Standl.,797,6718,6063
Luettgen Group,Willey's Rim Lichen,Lecanora willeyi Tuck.,4029,4096,9673
"Grimes, Cassin and Ebert",Largeflower Linanthus,Leptosiphon grandiflorus (Benth.) J.M. Porter & L.A. Johnson,8932,4794,2629
Stiedemann-Harber,Rough Coneflower,Rudbeckia grandiflora (D. Don) J.F. Gmel. ex DC.,6861,2119,1417
Dare-Bode,Shortflower Indian Paintbrush,Castilleja puberula Rydb.,8114,7098,1936
"Schamberger, Schuster and Weimann",Columbia Gorge Rockcress,Arabis furcata S. Watson,1969,8307,6285
Harvey-Kohler,Showy Phlox,Phlox speciosa Pursh ssp. occidentalis (Durand ex Torr.) Wherry,4505,9353,4577
Ledner-Upton,Tennessee Yelloweyed Grass,Xyris tennesseensis Kral,4084,5474,2145
O'Reilly-Steuber,Grouse Creek Rockcress,Arabis falcatoria Rollins,2811,9976,2984
Bergnaum and Sons,Miniature Lupine,Lupinus bicolor Lindl. ssp. marginatus D. Dunn,6384,7659,8118
Abbott and Sons,Mangosteen,Garcinia mangostana L.,9881,9855,2035
O'Kon and Sons,Tufted Orchid,Jacquiniella Schltr.,9748,7961,9080
"Huels, Hilll and Rowe",Pink Sand Verbena,Abronia umbellata Lam. ssp. umbellata,4569,9781,8036
Bosco-Keebler,Cryphaea Moss,Cryphaea nervosa (Hook. & Wilson) Müll. Hal.,8152,1083,5580
Hermiston LLC,Phaulothamnus,Phaulothamnus A. Gray,9314,3731,4885
"Rogahn, Hirthe and Smith",Thymeleaf Dragonhead,Dracocephalum thymiflorum L.,2378,8152,9917
Kovacek-Kris,Catillaria Lichen,Catillaria terrena (Willey) Zahlbr.,1873,6534,4516
"Conroy, Jones and Wehner",Wingnut Cryptantha,Cryptantha pterocarya (Torr.) Greene var. cycloptera (Greene) J.F. Macbr.,3111,7646,3272
Ortiz Inc,San Jacinto Bedstraw,Galium angustifolium Nutt. ex A. Gray ssp. jacinticum Dempster & Stebbins,3659,6491,8012
"Crona, Kihn and Kunde",Solenostemon,Solenostemon Thonn.,9699,6369,2389
Brekke Inc,Hawthorn,Crataegus ×lettermanii Sarg. (pro sp.),5852,4275,8202
Bogisich Inc,Slim Milkweed,Asclepias linearis Scheele,9781,3001,8467
Kiehn and Sons,Rio Grande Gilia,Giliastrum ludens (Shinners) J.M. Porter,6669,5915,768
Rath LLC,Twoheaded Water-starwort,Callitriche heterophylla Pursh,6435,3432,4586
Hane Group,Santa Cruz Island Torrey Pine,Pinus torreyana Parry ex Carrière ssp. insularis J.R. Haller,6769,9555,3047
DuBuque LLC,Scoliciosporum Lichen,Scoliciosporum chlorococcum (Stenh.) Vezda,1899,1265,6406
Stoltenberg-Berge,Eke Silversword,Argyroxiphium caliginis Forbes,6378,7887,4307
"Rogahn, Conn and Treutel",Maryland Meadowbeauty,Rhexia mariana L. var. interior (Pennell) Kral & Bostick,9812,7892,4755
Mertz LLC,Miss Vail's Hawthorn,Crataegus vailiae Britton,9919,4401,6577
O'Connell-Prohaska,Scalloped Laceleaf,Anthurium crenatum (L.) Kunth,8077,7642,1219
"Kessler, Greenfelder and Schowalter",Curtiss' Beaksedge,Rhynchospora curtissii Britton,3754,6697,466
Klein and Sons,Carolina Alumroot,"Heuchera caroliniana (Rosend., Butters & Lakela) E.F. Wells",7149,6722,5165
Reichel-Bartoletti,Lyngholm's Cliffbrake,Pellaea lyngholmii Windham,2710,5623,8023
Stiedemann-Stiedemann,Transmontane Gilia,Gilia transmontana (H. Mason & A.D. Grant) A.D. Grant & V.E. Grant,1933,892,254
"Kuvalis, Leannon and Davis",Frosted Lichen,Physconia detersa (Nyl.) Poelt,5990,2783,8101
Hilpert-Tillman,Purple Pricklypear,Opuntia macrocentra Engelm. var. macrocentra,4847,9390,1996
"Hayes, Simonis and Cronin",Boreal Locoweed,Oxytropis borealis DC.,5683,642,7917
Kerluke-Bailey,Lesser Creeping Rush,Juncus repens Michx.,1361,9219,5211
"Johnston, Abshire and Adams",Carrizo Mountain Sandmat,Chamaesyce pediculifera (Engelm.) Rose & Standl.,2103,1297,6860
"Langosh, Kuhlman and Little",Marsypianthes,Marsypianthes Mart. ex Benth.,1842,3502,7777
Howell-Balistreri,Broadleaf Lupine,Lupinus latifolius Lindl. ex J. Agardh ssp. viridifolius (A. Heller) Kenney & D. Dunn,1387,2889,429
Walter Group,Southern Oregon Buttercup,Ranunculus austrooreganus L.D. Benson,6847,4704,4034
Schaden-Howell,Tricharia Lichen,Tricharia cretacea Vezda,4388,4045,391
Dicki-Witting,Bog Birch,Betula pumila L. var. glabra Regel,1475,6599,8905
Friesen-Dickinson,Gyalectidium Lichen,Gyalectidium filicinum Müll. Arg.,9967,9878,2508
Weissnat Group,Thinsepal Monkeyflower,Mimulus hymenophyllus R.J. Meinke,6745,328,3574
Swaniawski Group,Rosemallow,Hibiscus L.,3693,9472,4965
Sauer-Goyette,Philippine Lily,Lilium philippinense Baker,2387,193,4475
"Ullrich, Anderson and Fay",Destitute Rinodina Lichen,Rinodina destituta (Nyl.) Zahlbr.,6834,6492,9062
Nader-Waelchi,Mountain Fly Honeysuckle,Lonicera villosa (Michx.) Schult. var. villosa,1302,3914,8930
Parker LLC,Merckia,Wilhelmsia physodes (Fisch. ex Ser.) McNeill,2193,4900,1071
Kerluke-Blanda,White Edge Sedge,Carex debilis Michx. var. strictior L.H. Bailey,6458,1686,3589
Bednar-Goodwin,Bigseed Alfalfa Dodder,Cuscuta indecora Choisy var. indecora,5874,2797,2058
Mraz and Sons,Cooper's Rubberweed,Hymenoxys cooperi (A. Gray) Cockerell,7533,1056,2383
Boyer-Beer,Slender Rose Gentian,Sabatia campanulata (L.) Torr.,4801,2088,4613
"Nitzsche, Weissnat and Hamill",Texas Saxifrage,Saxifraga texana Buckley,3825,8965,473
Roberts-Runolfsson,Parish's Oxytheca,Oxytheca parishii Parry var. parishii,9716,2406,5027
"Wuckert, Denesik and Welch",Purple Clover,Trifolium purpureum Loisel,5558,1398,3005
"Cruickshank, Stamm and Halvorson",Chulta,Dillenia indica L.,4275,1271,773
"Dietrich, Boyle and Rodriguez",Lane Mountain Milkvetch,Astragalus jaegerianus Munz,7745,3897,9911
Maggio and Sons,Tuckermannopsis Lichen,Tuckermannopsis sepincola (Ehrh.) Hale,4778,9008,5635
Halvorson and Sons,Skeletonweed,Pleiacanthus Rydb.,8034,9179,4171
"Watsica, Flatley and Vandervort",Horizontal Woody Rockcress,Arabis suffrutescens S. Watson var. horizontalis (Greene) Rollins,5937,9172,8591
Stamm-Torphy,Touret's Scleropodium Moss,Scleropodium touretii (Brid.) L.F. Koch var. colpophyllum (Sull.) E. Lawton ex H.A. Crum,681,2171,9757
Brakus-Stehr,Myurella Moss,Myurella tenerrima (Brid.) Lindb.,3184,9081,2318
Skiles Inc,Arrowleaf Cyrtandra,Cyrtandra propinqua Forbes,8946,8744,9308
Wiegand and Sons,Bitter Cherry,Prunus emarginata (Douglas ex Hook.) D. Dietr. var. mollis (Douglas ex Hook.) W.H. Brewer,9557,5551,6271
"Green, VonRueden and Brown",Wedge Leaf-flower,Phyllanthus orbicularis Kunth,5098,4300,6199
Bernhard-Block,Cutleaf Balsamroot,Balsamorhiza macrophylla Nutt.,7981,9938,6406
O'Kon Inc,Gattinger's Rosinweed,Silphium integrifolium Michx. var. gattingeri L.M. Perry,8454,192,8472
White-Schuster,Striped Brake,Pteris plumula Desv.,5387,8299,7865
Hickle-Shields,Pincushion Plant,Diapensia lapponica L. var. obovata F. Schmidt,5610,7688,2775
Marvin-Dickens,Hookedspur Violet,Viola adunca Sm. var. adunca,8150,6182,663
Frami-Streich,California Manroot,Marah fabaceus (Naud.) Naud. ex Greene,2165,6043,9948
"Aufderhar, Bartoletti and Senger",Poet's Narcissus,Narcissus poeticus L.,2170,2075,6227
Schneider and Sons,San Antonio False Foxglove,Agalinis homalantha Pennell,737,8242,4171
"Hauck, Bradtke and Beahan",Thickpod Milkvetch,Astragalus pachypus Greene var. pachypus,5359,5317,1944
Mann and Sons,Szatala's Crabseye Lichen,Ochrolechia szatalaensis Verseghy,3516,4162,8990
Satterfield and Sons,Goatgrass,Aegilops speltoides Tausch,8725,1506,2945
"Kuhn, Keeling and Bartoletti",Yellow Twining Snapdragon,Neogaerrhinum filipes (A. Gray) Rothm.,6289,1123,210
"Collier, Kirlin and Hilpert",Broom Milkwort,Polygala scoparioides Chod.,7980,8269,3292
Funk LLC,Yellow Rabbitbrush,Chrysothamnus viscidiflorus (Hook.) Nutt. ssp. viscidiflorus var. viscidiflorus,6677,4567,2027
"Champlin, Cormier and Schmitt",Slender Panicgrass,Ottochloa nodosa (Kunth) Dandy,2633,3715,2064
Spencer-King,Sandwort Orange Lichen,Caloplaca arenaria (Pers.) Müll. Arg.,1986,579,6554
"Franecki, Mayert and Trantow",Mt. Shasta Arnica,Arnica viscosa A. Gray,2636,7877,6089
Schroeder-Fisher,Eaton's Fleabane,Erigeron eatonii A. Gray var. villosus (Cronquist) Cronquist,9332,4698,6993
Olson-Murray,Waioli Valley Rollandia,"Cyanea parvifolia (Forbes) Lammers, Givnish & Systma",6759,5020,3306
Towne-Bergstrom,Laportea,Laportea Gaudich.,1708,8208,4018
Walsh LLC,Marshmeadow Indian Paintbrush,Castilleja lineata Greene,4151,1241,8913
Smitham-Kuhic,Cordyline,Cordyline Comm. ex R. Br.,9574,283,5242
"Nikolaus, Ortiz and Borer",Woolly Catchfly,Silene thurberi S. Watson,640,4014,728
"Boyle, Treutel and DuBuque",Oneseed Pussypaws,Cistanthe monosperma (Greene) Hershkovitz,5571,3572,8266
"Beer, Considine and Hegmann",Gurney's Yucca,Yucca glauca Nutt. var. gurneyi McKelvey,8732,113,7998
Mohr Inc,Snow Dwarf-primrose,Douglasia nivalis Lindl.,8274,8310,8104
"Denesik, Rowe and Bruen",Rinodina Lichen,Rinodina excrescens Vain.,4020,7791,8755
Wintheiser-Kub,Watermeal,Wolffia Horkel ex Schleid.,9414,4794,5099
O'Keefe-O'Reilly,Woolly Angelica,Angelica tomentosa S. Watson,7299,5967,6974
"Flatley, Howe and Moen",Alaska Hollyfern,Polystichum setigerum (C. Presl) C. Presl,8224,7739,9989
Douglas LLC,Hutton's Dewberry,Rubus huttonii L.H. Bailey,3020,4091,8640
Macejkovic-Powlowski,Rush Broom,Lotus junceus (Benth.) Greene,5508,2232,6950
Sporer-Cartwright,Tahawas Porpidia Lichen,Porpidia tahawasiana Gowan,2112,6361,6448
Ziemann-Beer,Orpine Stonecrop,Sedum debile S. Watson,1863,7154,8077
Donnelly Group,Undulate Jelly Lichen,Collema undulatum Laurer ex Flotow,1545,2326,7077
Fisher Group,Wavyleaf Aster,Symphyotrichum undulatum (L.) G.L. Nesom,8784,9142,7786
"Stanton, Kassulke and Lebsack",Hollyleaf Gilia,Gilia latiflora (A. Gray) A. Gray,6898,3973,7306
"Kuphal, Breitenberg and Smitham",Prairie Lily,Cooperia pedunculata Herb.,3635,1026,5821
Romaguera and Sons,Coccotrema Lichen,Coccotrema pocillarium (Cummings) Brodo,6582,8989,2545
Fisher-White,Oliver's Touch-me-not,Impatiens sodenii Engl. & Warb. ex Engl.,7486,2784,7823
"Bosco, Abshire and Emard",Shorthair Reedgrass,Calamagrostis breweri Thurb.,3775,9522,7116
Rosenbaum Group,Duboisia,Duboisia R. Br.,3376,7571,9260
Deckow-Luettgen,South Texas Blanketflower,Gaillardia aestivalis (Walter) H. Rock var. austrotexana B.L. Turner,3028,3869,711
Stoltenberg-McClure,Fritz's Zeuxine,Zeuxine fritzii Schltr.,5427,9632,5767
Gutmann-Towne,Broom Teatree,Leptospermum scoparium J.R. Forst. & G. Forst.,4423,8895,5062
Wolf LLC,Big Spore Cracked Lichen,Acarospora macrospora (Hepp) Bagl.,4889,8476,6566
"Wunsch, Bergstrom and Hilll",Nissenan Manzanita,Arctostaphylos nissenana Merriam,1571,788,8425
McGlynn Group,Indian Cucumber,Medeola L.,2580,9258,1939
"Torphy, Feest and Hintz",Rio Grande Saddlebush,Mortonia sempervirens A. Gray,1794,3804,8511
"Blanda, Hermann and Conroy",Mealy Goosefoot,Chenopodium incanum (S. Watson) A. Heller var. occidentale Crawford,151,4910,8089
Hayes and Sons,Pine Barren Beaksedge,Rhynchospora pineticola C.B. Clarke,777,9902,6395
Hudson-Ritchie,Tufted Lineleaf Fern,Antrophyum intramarginale (Baker ex Jenman) Kartesz & Gandhi,1455,7064,8507
"Cummings, Ernser and Swaniawski",Beath's Milkvetch,Astragalus beathii Ced. Porter,2067,3354,6656
"Bartell, Becker and Von",Winged Buckwheat,Eriogonum alatum Torr.,3875,8310,3286
Ratke-Feest,Bluebowls,Giliastrum rigidulum (Benth.) Rydb.,4237,4854,1225
Anderson-Murray,Macoun's False Bindweed,Calystegia macounii (Greene) Brummitt,1450,2026,5351
Botsford-Balistreri,Desert Rose,Rosa stellata Wooton ssp. mirifica (Greene) W.H. Lewis var. mirifica (Greene) Cockerell,3623,5254,7059
Swift-Ryan,Santa Cruz Island Torrey Pine,Pinus torreyana Parry ex Carrière ssp. insularis J.R. Haller,875,9629,7209
"Jaskolski, Rohan and Johns",Parish's Catchfly,Silene parishii S. Watson var. latifolia C.L. Hitchc. & Maguire,9330,3999,9067
Cruickshank-Langworth,Hybrid Oak,Quercus ×nessiana Palmer,224,3223,6461
Bradtke LLC,Idesia,Idesia Maxim.,5259,3237,930
Beer-Hermann,Scarlet Cinquefoil,Potentilla thurberi A. Gray var. atrorubens (Rydb.) Kearney & Peebles,5114,4992,3699
Jaskolski-Mertz,Proctor's Vriesea,Vriesea proctorii (Cedeño-Mald.) Acev.-Rodr.,1354,3920,3051
"White, Dare and O'Hara",Pale Biddy-biddy,Acaena pallida (Kirk) Allen,4395,3688,471
Funk-Green,Silverscale Saltbush,Atriplex argentea Nutt. ssp. argentea var. argentea,6298,8893,4670
Denesik and Sons,Turtlegrass,Thalassia testudinum Banks & Sol. ex Koenig,5637,7464,5266
Gottlieb Inc,Showy Prairie Gentian,Eustoma exaltatum (L.) Salisb. ex G. Don ssp. russellianum (Hook.) Kartesz,469,8782,6240
Murazik Inc,Early Bluegrass,Poa cuspidata Nutt.,2657,620,6168
"Howe, Monahan and Gutkowski",Valley Lupine,Lupinus subvexus C.P. Sm.,5022,6673,2598
Collins-Jenkins,Zarzabacoa De Dos Hojas,Zornia gemella Vogel,7127,3143,993
"Fay, Grant and Nitzsche",Brittle Sandwort,Minuartia nuttallii (Pax) Briq. ssp. fragilis (Maguire & A.H. Holmgren) McNeill,351,5209,163
Braun LLC,Sierra Pea,Lathyrus nevadensis S. Watson ssp. cusickii (S. Watson) C.L. Hitchc.,9988,5845,3284
Runolfsdottir-Parisian,Hybrid Willow,Salix ×grayi C.K. Schneid.,1440,4502,7696
Toy-Thompson,Arctic Bladderpod,Lesquerella arctica (Wormsk. ex Hornem.) S. Watson,6678,9951,5638
"Watsica, Grimes and Johns",Sulphur Lichen,Fulgensia A. Massal. & De Not.,5938,8298,8379
Baumbach Inc,Wheat,Triticum araraticum Jakubz.,9136,2399,5898
Mitchell Group,Rattan Palm,Eremospatha macrocarpa (G. Mann & H.A. Wendl.) G. Mann & H.A. Wendl.,1321,8683,9988
McKenzie-Upton,Alligator-flag,Thalia L.,6307,8641,9509
Wunsch and Sons,Standley's Bloodleaf,Iresine heterophylla Standl.,9658,2476,5885
"Conn, King and Dietrich",Hall's Aster,Symphyotrichum hallii (A. Gray) G.L. Nesom,7774,7500,3428
Stanton Group,Common Goldenstar,Bloomeria crocea (Torr.) Coville var. montana (Greene) J.W. Ingram,7083,2318,6792
Hoppe-Prosacco,Florida Pimpernel,Anagallis pumila Sw.,6433,8749,9569
Mohr-Hills,Hairy Grama,Bouteloua hirsuta Lag. var. hirsuta,6934,3121,3489
"Cassin, Romaguera and Pacocha",Brotherella Moss,Brotherella Loeske ex Fleisch.,953,8943,773
Ullrich-Sporer,Mistletoe Cactus,Rhipsalis baccifera (Sol. ex J.S. Muell.) Stearn,2927,4184,9292
Marquardt-Lakin,Juniper Leaf,Polypremum procumbens L.,9089,721,1103
Graham and Sons,Tinted Woodland Spurge,Euphorbia commutata Engelm. ex A. Gray,845,6813,9459
Sporer-Cronin,Netleaf Bundleflower,Desmanthus reticulatus Benth.,6613,7329,569
"Brown, Hettinger and VonRueden",Borrego Bedstraw,Galium angustifolium Nutt. ex A. Gray ssp. borregoense Dempster & Stebbins,873,4211,5657
Ankunding-Tillman,Black Edge Sedge,Carex nigromarginata Schwein.,1711,4028,3725
Roob Inc,South American Bonnet Orchid,Pleurothallis obovata (Lindl.) Lindl.,9213,2437,3600
"Kilback, Schroeder and Zemlak",Tapellaria Lichen,Tapellaria nana (Fée) R. Sant.,509,8102,5016
"Ryan, Stoltenberg and Reilly",Hairy Schiedea,Schiedea pentamera W.L. Wagner & E. Harris,2649,8036,8088
