Customer,Supplier,Type,1KG,QTY (1KG),250g ,QTY (250G)
Ryan LLC,Macoun's Barley,×Elyhordeum macounii (Vasey) Barkworth & D.R. Dewey,Mélodie,2188,Océane,9596
"Russel, Murphy and Dibbert",Pseudoleskea Moss,Pseudoleskea radicosa (Mitt.) Macoun & Kindb. var. radicosa,Marie-françoise,5713,Judicaël,411
Hermann Group,Sedge,Carex ×limosoides J. Cay.,Marie-thérèse,8778,Hélèna,1228
Raynor Inc,Goldencarpet Buckwheat,Eriogonum luteolum Greene,Cloé,376,Athéna,8227
Leuschke-Hodkiewicz,Cholla,Grusonia Rchb. ex Britton & Rose,Publicité,3606,Marylène,2664
"Bogisich, Murphy and Vandervort",Wrinkleleaf Goldenrod,Solidago rugosa Mill. ssp. rugosa var. villosa (Pursh) Fernald,Rébecca,9324,Publicité,5426
Watsica Inc,Oahu Kihifern,Adenophorus oahuensis (Copeland) Bishop,Anaé,7295,Vérane,942
Conroy Group,Small Tarweed,Madia exigua (Sm.) A. Gray,Estève,988,Léonore,4527
Marks-Durgan,Towering Lousewort,Pedicularis bracteosa Benth. var. flavida (Pennell) Cronquist,Gösta,4618,Séverine,3240
Morar LLC,Wart Lichen,Verrucaria acrotella Ach.,Ophélie,8201,Cloé,1197
Leuschke-Hammes,Japanese Cedar,Cryptomeria japonica (L. f.) D. Don,Mélia,3892,Åsa,5150
Wolff-Powlowski,California Laurel,Umbellularia californica (Hook. & Arn.) Nutt. var. fresnensis Eastw.,Réjane,3852,Cloé,4742
"Windler, Doyle and Nikolaus",Serpentine Hill Raintree,Brunfelsia densifolia Krug & Urb.,Almérinda,5684,Chloé,8222
Bogan-Huels,Roughseed Cryptantha,Cryptantha flavoculata (A. Nelson) Payson,Sélène,6475,Miléna,9932
"Ankunding, Stark and Koelpin",Sonoita Nightshade,Solanum adscendens Sendtn.,Intéressant,7650,Célia,4986
O'Conner LLC,Transverse Range Phacelia,Phacelia exilis (A. Gray) G.L. Lee,Cléa,7794,Ruò,8995
Schaefer-Lynch,Hybrid Violet,Viola ×subaffinis House,Joséphine,6091,Åsa,1106
Hansen Group,Kiwi,Actinidia chinensis Planch. var. deliciosa (A. Chev.) A. Chev.,Görel,2222,Personnalisée,1898
Stanton-Cremin,Knotted Pearlwort,Sagina nodosa (L.) Fenzl ssp. borealis Crow,Marie-françoise,6019,Åsa,7656
"McLaughlin, Mann and Breitenberg",St. Catherine's Lace,Eriogonum giganteum S. Watson,Zhì,3712,Aurélie,6119
Schaefer and Sons,Isachne,Isachne miliacea Roth,Tán,6276,Ophélie,9765
Altenwerth LLC,Desert Rockcress,Arabis lignifera A. Nelson,Zoé,5599,Léonie,8950
"Berge, Goyette and O'Hara",Blue Finger,Senecio mandraliscae (Tineo) H. Jacobsen,Michèle,8497,Magdalène,2695
Gerlach Group,Perennial Caltrop,Kallstroemia perennans B.L. Turner,Illustrée,599,Angèle,3707
"Willms, Zboncak and Conn",Undulate Plagiothecium Moss,Plagiothecium undulatum (Hedw.) Schimp.,Loïc,1164,Börje,4465
Wilkinson-Gleichner,Alaska Saxifrage,Saxifraga razshivinii Zhmylev,Léandre,1847,Mégane,3214
"Larkin, Reichel and Moen",King's Scepter Gentian,Gentiana sceptrum Griseb.,Angèle,7377,Yénora,278
"Parker, Bernhard and Quigley",Bog Fern,Thelypteris simulata (Davenport) Nieuwl.,Pò,7015,Ophélie,7403
Hermann-Rath,Rio Grande Phlox,Phlox glabriflora (Brand) Whitehouse ssp. glabriflora,Félicie,4799,Yénora,8757
"Keebler, Strosin and Kemmer",California Pitcherplant,Darlingtonia Torr.,Mårten,3825,Lauréna,4369
Hansen-Rolfson,Tilesius' Wormwood,Artemisia tilesii Ledeb. ssp. elatior (Torr. & A. Gray) Hultén,Miléna,3122,Anaëlle,4791
"Hodkiewicz, Pouros and Blick",Wright's Beardtongue,Penstemon wrightii Hook.,Lyséa,5187,Salomé,4547
Reichel-Herzog,Hawthorn,Crataegus ×puberis Sarg. (pro sp.),Märta,9788,Marie-josée,253
"Lang, Aufderhar and Lowe",Chamaechaenactis,Chamaechaenactis Rydb.,Sòng,6608,Lyséa,7521
"Bednar, Wunsch and Steuber",Leafless Swallow-wort,Cynanchum scoparium Nutt.,Camélia,3601,Desirée,1707
Ferry-Kirlin,Woolly Mountainparsley,Oreonana vestita (S. Watson) Jeps.,Daphnée,4340,Marie-françoise,4683
"Jacobs, Bartell and Oberbrunner",Lapland Rosebay,Rhododendron lapponicum (L.) Wahlenb. var. lapponicum,Zoé,4385,Léone,3015
"Torphy, Wehner and Von",Pterygiopsis Lichen,Pterygiopsis Vain.,Marie-hélène,5262,Rachèle,1906
Strosin-Schneider,Wire Mousetail,Ivesia webberi A. Gray,Nuó,9902,Cécilia,2573
Dickinson-Steuber,Horseweed,Laennecia Cass.,Pål,5312,Maëlyss,7360
Johns-Kassulke,Bigtop Lovegrass,Eragrostis hirsuta (Michx.) Nees,Almérinda,8388,Kallisté,5420
Adams Group,Moonvine,Ipomoea calantha Griseb.,Almérinda,9261,Torbjörn,7151
Stracke-Mertz,Orange Lichen,Caloplaca litoricola Brodo,Maéna,4095,Annotée,9012
"Reynolds, Cartwright and Skiles",Sculptured Popcornflower,Plagiobothrys glyptocarpus (Piper) I.M. Johnst.,Gisèle,3142,Mén,4785
Ryan-Funk,Saddle Mountain Bittercress,Cardamine pattersonii L.F. Hend.,Adélie,7412,Lucrèce,176
Greenholt Group,Thelignya Lichen,Thelignya lignyota (Wahlenb.) P.M. Jørg. & Henssen,Josée,9456,Inès,5171
Koch LLC,Fivetooth Spineflower,Chorizanthe watsonii Torr. & A. Gray,Kù,9075,Anaëlle,7739
"Ratke, Swaniawski and Turner",Palo De Hueso,Haenianthus salicifolius Griseb.,Adélaïde,1645,Célia,7201
Mueller-Willms,Cypselea,Cypselea Turp.,Börje,7984,Nadège,462
Kreiger-Stracke,Branching Phacelia,Phacelia ramosissima Douglas ex Lehm. var. eremophila (Greene) J.F. Macbr.,Sélène,4242,Eloïse,5158
"Hammes, Walter and Auer",Sphagnum,Sphagnum pulchrum (Lindb. ex Braithw.) Warnst.,Loïc,7868,Lóng,7575
Boehm-Bradtke,Bog Goldenrod,Solidago uliginosa Nutt. var. levipes (Fernald) Fernald,Wá,8772,Maïlys,9358
Rutherford Inc,'oha Kepau,Clermontia hawaiiensis (Hillebr.) Rock,Crééz,6167,Laïla,2463
"Barton, Price and Hane",Platyhypnidium Moss,Platyhypnidium Fleisch.,Rachèle,7670,Lén,1461
Herman and Sons,Torrid Rim Lichen,Lecanora torrida Vain.,Méghane,7076,Mén,9542
"Ankunding, Morar and Goyette",Hollyberry Cotoneaster,Cotoneaster bullatus Boiss.,Loïs,2175,Hélèna,5878
Mertz-Hintz,Shasta Lupine,Lupinus albicaulis Douglas var. shastensis (A. Heller) C.P. Sm.,Marie-josée,3236,Adélaïde,7369
Macejkovic-Donnelly,Meadowparsnip,Thaspium Nutt.,Solène,8986,Faîtes,3720
Howell Group,Guadalupe Oak,Quercus ×guadalupensis Sarg.,Tán,3663,Camélia,3139
"Hudson, Huel and Mueller",Cryptantha,Cryptantha Lehm. ex G. Don,Stéphanie,9487,Kuí,6230
Kilback Inc,Hairy Schiedea,Schiedea pubescens Hillebr.,Estée,3016,Camélia,8550
Lesch LLC,Long Valley Tumblemustard,Thelypodiopsis ambigua (S. Watson) Al-Shehbaz var. erecta Rollins,Esbjörn,4144,Renée,8085
Marks Inc,Stoneseed,Lithospermum L.,Loïs,9585,Gwenaëlle,5581
Hettinger-Vandervort,Arctic Rush,Juncus arcticus Willd. ssp. arcticus,Dù,5950,Illustrée,377
Hane-Mayer,Willkommia,Willkommia Hack.,Laurélie,6395,Ruì,9411
Roob-Rogahn,Lapland Beard Lichen,Usnea lapponica Vain.,Stéphanie,7906,Solène,9023
"Kuhn, Daugherty and Bartell",King's Gold,Twisselmannia californica Al-Shehbaz,Marie-françoise,4976,Aurélie,9642
Green LLC,Shy Wallflower,Erysimum inconspicuum (S. Watson) MacMill. var. inconspicuum,Noëlla,4903,Personnalisée,6977
Treutel and Sons,Lady's Mantle,Alchemilla L.,Garçon,436,Yú,3749
Carroll-Crona,Rim Lichen,Lecanora cenisia Ach.,Séréna,7219,Annotés,2567
Sipes LLC,Bryum Moss,Bryum algovicum Sendtn. ex Müll. Hal. var. rutheanum (Warnst.) Crundw.,Réservés,7187,Loïs,5380
Bashirian and Sons,Uñi,Ugni Turcz.,Eléa,8238,Mélina,8293
"Emard, Turcotte and Ruecker",Curved Sicklegrass,Parapholis incurva (L.) C.E. Hubbard,Laïla,6437,Eléa,6784
Ziemann Inc,Royal Larkspur,Delphinium variegatum Torr. & A. Gray ssp. thornei Munz,Léonore,6200,Maïlys,9331
Corkery-Wolff,Alpine Bearberry,Arctostaphylos alpina (L.) Spreng. var. alpina,Marie-noël,5754,Kévina,8840
Langworth Inc,Sticky Skullcap,Scutellaria resinosa Torr.,Nadège,9936,Gaïa,8730
"Swaniawski, Gottlieb and Hartmann",St. Eustatius Threeawn,Aristida suringarii Henr.,Maïté,4999,Lorène,6812
Brakus and Sons,Tufted Flax,Linum imbricatum (Raf.) Shinners,Andrée,6049,Nadège,6563
"Hodkiewicz, Hodkiewicz and Stiedemann",Chalice Lichen,Endocarpon petrolepideum (Nyl.) Hasse,Estée,5039,Gérald,570
Haley-Yundt,Mabrya,Mabrya Elisens,Félicie,5929,Océane,7592
Rowe Inc,Polycoccum Lichen,Polycoccum Sauter ex Krober,Loïca,2016,Anaëlle,9341
"Ward, Harvey and Wilderman",Hair-like Spikerush,Eleocharis nana Kunth,Séverine,1604,Maï,3044
Crist and Sons,Siberian Pygmyweed,Crassula sieberiana (Schult.) Druce,Léandre,3680,Måns,9847
Treutel LLC,Asafetida,Ferula assa-foetida L.,Görel,606,Miléna,4117
Ruecker LLC,Gambel Oak,Quercus gambelii Nutt. var. gambelii,Mélina,4561,Léandre,6344
Corwin Inc,Roccellina Lichen,Roccellina conformis Tehler,Léane,3599,Bérengère,3196
Herman-Mann,Woolly Paperflower,Psilostrophe tagetina (Nutt.) Greene var. tagetina,Océane,6220,Hélène,2703
"Considine, Baumbach and Terry",Kettle Falls Lupine,Lupinus minimus Douglas ex Hook.,Simplifiés,460,Ruì,1333
Cassin-Renner,Eastern Swampprivet,Forestiera acuminata (Michx.) Poir.,Cléopatre,7816,Maïlys,3685
"Mante, Bradtke and Schmeler",King's Sandwort,Arenaria kingii (S. Watson) M.E. Jones ssp. kingii,Andrée,5708,Thérèsa,2463
"Metz, Quigley and Olson",Fringed Spiderflower,Cleome rutidosperma DC.,Kallisté,7226,Marlène,2437
Lesch-Cremin,Flower Of An Hour,Hibiscus trionum L.,Michèle,5251,Océanne,927
Hyatt LLC,Gentian,Gentiana ×billingtonii Farw. (pro sp.),Maëline,1725,Bérengère,3968
Hauck-Jakubowski,Sonoran Indian Mallow,Abutilon mollicomum (Willd.) Sweet,Adélaïde,6982,Kallisté,317
O'Connell-Nicolas,Latin American Crowngrass,Paspalum convexum Humb. & Bonpl. ex Flueggé,Frédérique,5739,Yè,1995
Cormier-Dach,Awned Mountainmint,Pycnanthemum setosum Nutt.,Laïla,2482,Uò,2699
Halvorson-Osinski,Western Fineleaf Pondweed,"Stuckenia filiformis (Pers.) Börner ssp. occidentalis (J.W. Robbins) Haynes, D.H. Les & M. Kral",Göran,8781,Marlène,4216
Hahn-Thompson,Berlandier's Yellow Flax,Linum berlandieri Hook. var. berlandieri,Méghane,762,Maëlla,9525
Schuster Inc,Stebbin's Bluegrass,Poa stebbinsii Soreng,Eloïse,2777,Maëlann,8703
Dickens Inc,Dwarf Century Plant,Agave desmettiana Jacobi,Bérengère,2682,Wá,3745
Price LLC,Birdseed Leaf-flower,Phyllanthus pudens L.C. Wheeler,Noëlla,9613,Océane,4184
Marquardt and Sons,Pondweed,Potamogeton marianensis Cham. & Schltdl.,Geneviève,645,Lyséa,1559
Johnston Group,Caughuawaga Hawthorn,Crataegus suborbiculata Sarg.,Agnès,7926,Gaïa,802
"Bruen, Marquardt and Williamson",Drybank Dewberry,Rubus aptatus L.H. Bailey,Océanne,5069,Stévina,887
Jacobs-Balistreri,Spotted Mock Orange,Philadelphus maculatus (C.L. Hitchc.) Hu,Judicaël,6097,Léandre,3220
Von Group,Little Sur Manzanita,Arctostaphylos edmundsii J.T. Howell,Clémence,2567,Clémentine,6807
MacGyver-Conn,Three-awned Goatgrass,Aegilops neglecta Req. ex Bertol.,Wá,8702,Marie-hélène,8565
Lebsack-Runte,Witch's Hair Lichen,Alectoria sarmentosa (Ach.) Ach. ssp. sarmentosa,Angèle,1732,Garçon,6605
Glover-Frami,Greenviolet,Hybanthus Jacq.,Séréna,4764,Léonore,8538
"Casper, Mohr and Stiedemann",Henequen,Agave fourcroydes Lemaire,Åke,925,Gaïa,9682
"Reilly, McGlynn and Rutherford",Chapman's Skeletongrass,Gymnopogon chapmanianus Hitchc.,Eloïse,9631,Örjan,7121
"Pacocha, Morissette and Effertz",Walpole's Small Camas,Camassia quamash (Pursh) Greene ssp. walpolei (Piper) Gould,Maïté,9225,Méryl,2087
Hegmann Inc,Serpentine Bittercress,Cardamine pachystigma (S. Watson) Rollins var. dissectifolia (Detling) Rollins,Valérie,1256,Mén,2810
"Bednar, Adams and Jast",Shortleaf Drepanocladus Moss,Drepanocladus brevifolius (Lindb.) Warnst.,Rébecca,4800,Kù,7117
"Upton, Hoeger and Windler",Daffodil,Narcissus L.,Torbjörn,2324,Eléa,1969
"Padberg, Mayer and Dicki",Deam's Dewberry,Rubus deamii L.H. Bailey,Personnalisée,4267,Yú,4792
"Kemmer, Morissette and Mante",Reticulate Silverskin Lichen,Dermatocarpon reticulatum H. Magn.,Séverine,6907,Adélie,7875
"Stamm, Schmeler and D'Amore",Jelly Lichen,Collema subnigrescens Degel.,Görel,7185,Maëlyss,7428
"Will, Cronin and Hoppe",Wart Lichen,Verrucaria canella Nyl.,Naéva,3794,Gösta,5639
Williamson Group,Podunk Ragwort,Packera malmstenii (S.F. Blake ex Tidestr.) Kartesz,Félicie,1838,Lyséa,8019
Gaylord Group,Canada Mayflower,Maianthemum canadense Desf.,Vénus,6986,Kallisté,350
Fritsch-Grimes,Blue Wiss,Teramnus labialis (L. f.) Spreng.,Bécassine,7650,Örjan,8207
"Rogahn, Bruen and Jaskolski",Ghost Orchid,Dendrophylax Rchb.,Kévina,2339,Adélie,2355
Bergnaum-Nikolaus,Spinulose Woodfern,Dryopteris carthusiana (Vill.) H.P. Fuchs,Françoise,2977,Maëline,9750
Schroeder-Wolff,Pony Beebalm,Monarda pectinata Nutt.,Dafnée,8515,Vérane,5307
Schmeler LLC,New Mexico Rim Lichen,Lecanora novomexicana H. Magn.,Mà,2120,Cunégonde,8446
O'Keefe LLC,Shortstyle Indian Paintbrush,Castilleja brevistyla (Hoover) T.I. Chuang & Heckard,Crééz,2904,Kévina,8755
Walsh Inc,Chinese Catalpa,Catalpa ovata G. Don,Illustrée,3431,Maëlyss,6874
Padberg Inc,Seaside Brookweed,Samolus valerandi L. ssp. valerandi,Edmée,2791,Angélique,6528
Wisozk and Sons,Drummond Moss,Drummondia Hook. ex Drumm.,Yáo,8096,Åke,2261
Schimmel-Pfannerstill,Airplant,Tillandsia L.,Séréna,1990,Sélène,909
"Anderson, Wolf and Toy",Black Sage,Salvia mellifera Greene,Mélodie,808,Marylène,5803
O'Connell LLC,Curtis' Spurge,Euphorbia curtisii Engelm.,Cloé,3540,Eléonore,7931
Bahringer-Wyman,Donn's Dry Rock Moss,Grimmia donniana Sm.,Adélaïde,1956,Bérénice,1307
Tromp-Romaguera,Mound Phlox,Phlox griseola Wherry ssp. tumulosa Wherry,Björn,5723,Audréanne,4522
Lang Group,Sphagnum,Sphagnum flexuosum Dozy & Molk. var. ramosissimum R.E. Andrus,Garçon,6200,Lauréna,4127
Fay Group,Bruised Lichen,Toninia tristis (Th. Fr.) Th. Fr.,Geneviève,2561,Salomé,2708
"Hickle, Howell and Cole",Gibbens' Beardtongue,Penstemon gibbensii Dorn,Marie-françoise,6225,Thérèsa,4373
Steuber-Raynor,Texas Wrightwort,Carlowrightia texana Henrickson & Daniel,Séverine,2507,Bérengère,9098
Legros-Oberbrunner,Georgia Beaksedge,Rhynchospora harveyi W. Boott var. culixa (Gale) Kral,Sélène,5026,Sélène,7394
Gerlach-Dibbert,Plateau Silverbush,Argythamnia simulans J.W. Ingram,Noémie,5436,Méline,7120
Hayes-Boyle,Bur Parsley,Caucalis L.,Cécilia,5075,Håkan,3034
Robel Group,Purple Morning-glory,Ipomoea capillacea (Kunth) G. Don,Agnès,3468,Anaïs,1357
Bernhard LLC,Fairybit Maiden Fern,Thelypteris abrupta (Desv.) Proctor,Noëlla,4203,Nuó,1005
"Balistreri, Reichert and Padberg",Felt Lichen,Peltigera canina (L.) Willd.,Publicité,5961,Andrée,2123
"Wolff, Emmerich and Cummings",Dahoon,Ilex cassine L. var. cassine,Måns,7536,Bénédicte,1247
Goodwin and Sons,Spider Plant,Chlorophytum comosum (Thunb.) Jacq.,Marlène,8101,Publicité,2009
Bednar Group,Verbena,Verbena polystachya Kunth,Maïlis,6099,Kévina,7647
Schuster-Hane,Hall's Panicgrass,Panicum hallii Vasey var. hallii,Edmée,1849,Åsa,9722
Kovacek-Conroy,Epiphytic Orange Lichen,Caloplaca epiphyta Lynge,Josée,9391,Lén,2014
"Stokes, Oberbrunner and Zulauf",Diplotomma Lichen,Diplotomma chlorophaeum (Hepp ex Leight.) Szat.,Aimée,518,Eugénie,6032
"Stokes, Reichert and Rempel",'ohi'a Lehua,Metrosideros polymorpha Gaudich. var. macrophylla (Rock) H. St. John,Kallisté,7273,Pélagie,1709
"Stamm, Koelpin and Wisoky",Eastern Mojave Buckwheat,Eriogonum fasciculatum Benth. var. foliolosum (Nutt.) S. Stokes ex Abrams,Mélinda,7254,Cécile,7057
Parisian-Hauck,Rough Panicgrass,Dichanthelium leucothrix (Nash) Freckmann,Béatrice,7771,Mélodie,5133
Goyette LLC,Wild Sage,Gmelina philippensis Cham.,Maëlyss,3748,Angélique,3757
Gislason LLC,Pink Campion,Silene repens Patrin ex Pers. ssp. australis C.L. Hitchc. & Maguire,Solène,6384,Méthode,5555
"Miller, Hyatt and Casper",Blackthread Lichen,Placynthium (Ach.) A. Gray,Eliès,5189,Gaétane,8560
"Kreiger, Blanda and Skiles",Blutaparon,Blutaparon Raf.,Salomé,9645,Estée,5061
"Kuhic, Dare and Heller",Silver-top Gimlet,Eucalyptus campaspe S. Moore,Thérèsa,3491,Vénus,595
Renner and Sons,Mexican Bedstraw,Galium mexicanum Kunth ssp. asperrimum (A. Gray) Dempster,Örjan,7019,Vénus,1266
Stamm LLC,Largepod Pinweed,Lechea intermedia Leggett ex Britton var. laurentiana Hodgdon,Geneviève,8831,Marie-josée,7533
"Marvin, Ritchie and Quitzon",English Elm,Ulmus procera Salisb.,Bérénice,5679,Josée,7047
Rowe-Dietrich,Glandular Cape Marigold,Dimorphotheca sinuata DC.,Inès,286,Mén,7538
"Beatty, Moore and Hegmann",Spreading Sandwort,Arenaria lanuginosa (Michx.) Rohrb. ssp. lanuginosa,Cunégonde,3107,Mélina,3948
Barton-Schumm,Silver Saltbush,Atriplex rhagodioides F. Muell.,Björn,5993,Håkan,694
Marquardt-Aufderhar,Fremont's Baby Blue Eyes,Nemophila pulchella Eastw. var. fremontii (Elmer) Constance,Erwéi,1702,Maïté,562
Morar Group,Woodland Mirrorplant,Coprosma rhynchocarpa A. Gray,Åsa,7347,Marylène,7213
Swift-Rau,Featherleaf Cinquefoil,Potentilla multisecta (S. Watson) Rydb.,Edmée,8851,Maëlyss,611
"Donnelly, Howe and Champlin",Eastern Poison Ivy,Toxicodendron radicans (L.) Kuntze ssp. radicans,Léa,1104,Méng,9907
Hoppe and Sons,Rooibos,Aspalathus linearis (Burm. f.) R. Dahlgren,Marie-thérèse,8765,Léonie,8969
Murazik and Sons,Wire Mousetail,Ivesia webberi A. Gray,Loïc,9913,Rachèle,6520
Huels-Graham,Sweetwood,Nectandra Roland. ex Rottb.,Marie-hélène,2832,Torbjörn,9861
Schoen-Hermann,Tomentypnum Moss,Tomentypnum nitens (Hedw.) Loeske,Valérie,4859,Réservés,3227
Balistreri LLC,Myriotrema Lichen,Myriotrema terebratulum (Nyl.) Hale,Méline,358,Estée,5576
Haag-Crooks,Timmiella Moss,Timmiella crassinervis (Hampe) L.F. Koch,Estée,3422,Andréanne,8033
"Mertz, Kilback and Cormier",Amador County Vervain,Verbena ×clemensiorum Moldenke,Léane,1450,Maïwenn,3096
Ledner LLC,Shortleaf Crabgrass,Digitaria hitchcockii (Chase) Stuckert,Intéressant,7202,Mélys,6454
Littel Inc,Glycine,Glycine tabacina (Labill.) Benth.,Pò,4274,Yè,8529
Cruickshank Inc,Crownvetch,Securigera varia (L.) Lassen,Bérengère,8844,Kallisté,9467
"Kuphal, O'Reilly and Stokes",Montezuma Bald Cypress,Taxodium mucronatum Ten.,Almérinda,4071,Léandre,8997
"McClure, Welch and Koch",Royal Palm,"Roystonea regia (Kunth) O.F. Cook, nom. cons.",Maëly,5757,Eloïse,5573
Hintz Inc,Thicket Bean,"Phaseolus polystachios (L.) Britton, Sterns & Poggenb. var. polystachios",Angélique,3066,Athéna,5061
"Huel, Jenkins and Carter",Blochman's Liveforever,Dudleya blochmaniae (Eastw.) Moran,Marie-ève,482,Naëlle,1756
Lind and Sons,Parish's Umbrellawort,Tauschia parishii (J.M. Coult. & Rose) J.F. Macbr.,Maïté,2047,Inès,1774
"Fay, Muller and Schmitt",Western Sweetvetch,Hedysarum occidentale Greene var. canone S.L. Welsh,Gösta,8453,Camélia,5038
"Kassulke, Gusikowski and Pagac",Limpleaf Fern,Microlepia speluncae (L.) T. Moore,Marie-françoise,7383,Nélie,282
Quigley Group,Coastal Burnweed,Erechtites minimus (Poir.) DC.,Cléa,6274,Aurélie,6924
Witting-Dickinson,Redstem Springbeauty,Claytonia rubra (Howell) Tidestr.,Mélia,6501,Eliès,9957
"Ziemann, Bogisich and Farrell",Dust Lichen,Chrysothrix candelaris (L.) J.R. Laundon,Maëline,688,Maëlla,3899
Hammes LLC,Thalassia,Thalassia hemprichii Asch.,Véronique,2314,Faîtes,6293
"Ortiz, Douglas and Nolan",False Threadleaf,Schkuhria Roth,Annotés,844,Wá,7464
Schulist Inc,Spoonleaf Treebine,Cissus obovata Vahl,Lài,5618,Françoise,3035
Lind Inc,Vernalpool Brodiaea,Brodiaea nana Hoover,Adèle,9471,Kuí,8233
Swaniawski-Parisian,Prostrate False Pimpernel,Lindernia procumbens (Knock.) Borb.,Angélique,1146,Loïs,8076
"Langworth, Schroeder and Stehr",Spring Cinquefoil,Potentilla neumanniana Rchb.,Östen,5837,Maïlys,2300
Zieme Inc,Garden Yellow Loosestrife,Lysimachia vulgaris L.,Alizée,9230,Bénédicte,7627
Rowe-Zboncak,Heartleaf Foamflower,Tiarella cordifolia L. var. collina Wherry,Björn,6512,Görel,9153
Wiegand-Kunde,Common Yarrow,Achillea millefolium L. var. nigrescens E. Mey.,Cécilia,4909,Jú,2689
"Stehr, Gislason and Bergnaum",Soldier Meadows Cinquefoil,Potentilla basaltica Tiehm & Ertter,Léonie,9700,Judicaël,1570
Nader LLC,Hairy-pod Milkvetch,Astragalus concordius S.L. Welsh,Angèle,8780,Michèle,3959
"Lockman, Casper and Kunze",Small Whorled Pogonia,Isotria medeoloides (Pursh) Raf.,Dù,2712,Mélinda,6739
Schimmel-Hayes,Tatarian Honeysuckle,Lonicera tatarica L.,Miléna,1037,Yóu,3962
"Crona, Runolfsdottir and Gerhold",Slendertube Skyrocket,Ipomopsis tenuituba (Rydb.) V.E. Grant,Nélie,847,Lauréna,7578
Welch-Klein,Creeping St. Johnswort,Hypericum adpressum W.P.C. Barton,Félicie,1797,Mylène,7336
Rutherford Inc,Smallflower Nemophila,Nemophila parviflora Douglas ex Benth. var. quercifolia (Eastw.) Chandler,Personnalisée,6295,Yè,3839
"Bogisich, Koss and Waelchi",Fivepetal Leaf-flower,Phyllanthus pentaphyllus C. Wright ex Griseb. ssp. pentaphyllus,Crééz,3046,Marie-ève,6636
"Schmeler, Erdman and Bauch",Streamside Swordfern,Nephrolepis rivularis (Vahl) Mett. ex Krug,Börje,6217,Bénédicte,3554
Boehm-Grant,Purple Leptotaenia,Lomatium columbianum Mathias & Constance,Noëlla,1576,Mà,8515
Nolan LLC,Winter Hazel,Corylopsis sinensis Hemsl.,Naéva,9409,Måns,5045
"Nitzsche, Grant and Cremin",Tropical Sensitive Pea,Chamaecrista absus (L.) Irwin & Barneby,Amélie,9990,Véronique,9438
Ebert and Sons,Martin's Ceanothus,Ceanothus martinii M.E. Jones,Vérane,9257,Maï,4060
Botsford Group,Fanleaf Crinklemat,Tiquilia plicata (Torr.) A.T. Richardson,Maïlys,7938,Björn,2429
Bashirian Group,Mendocino Spineflower,Chorizanthe howellii Goodman,Maëline,9885,Maïté,3190
O'Keefe-Gottlieb,Rocky Mountain Indian Parsley,Aletes anisatus (A. Gray) W.L. Theobald & C.C. Tseng,Vénus,8534,Gösta,6839
Wilderman-Beer,Broadleaf Papala,Charpentiera obovata Gaudich.,Maëlys,5797,Sòng,7865
Kiehn-Wuckert,Dwarf Morning-glory,Convolvulus tricolor L.,Maëlle,8002,Björn,695
"Ward, Green and Corwin",Malabar Plum,Syzygium jambos (L.) Alston,Cinéma,295,Erwéi,1004
Treutel-Dicki,Tall Oatgrass,Arrhenatherum elatius (L.) P. Beauv. ex J. Presl & C. Presl var. bulbosum (Willd.) Spenner,Mahélie,1692,Laïla,3915
Lueilwitz-Gerlach,Asian Oakfern,Gymnocarpium jessoense (Koidzumi) Koidzumi,Solène,8080,Marlène,3224
"Nitzsche, Schmeler and Hegmann",Giant Dodder,Cuscuta reflexa Roxb.,Valérie,572,Sélène,2430
Grant-West,Lloyd's Hedgehog Cactus,Echinocereus ×roetteri (Engelm.) Rümpler,Simplifiés,7101,Östen,5835
Bayer-Kshlerin,Paleleaf Woodland Sunflower,Helianthus strumosus L.,Léonie,2275,Clémence,1579
Cummerata and Sons,Alpine Meadow-rue,Thalictrum alpinum L.,Nélie,8251,Réservés,4624
Walter Group,Toothpetal Monkeyflower,Mimulus dentilobus B.L. Rob. & Fernald,Personnalisée,1181,Léone,7646
Tillman-Labadie,Northern Willowherb,Epilobium septentrionale (D.D. Keck) R.N. Bowman & Hoch,Miléna,527,Bénédicte,4584
Bode-Connelly,Wild Mustard,Sinapis arvensis L. ssp. arvensis,Andrée,4151,Eléonore,9263
Bergstrom-Kub,Lecidea Lichen,Lecidea subramosa Lowe,Audréanne,1409,Crééz,1459
Ernser Group,Tiplant,Cordyline fruticosa (L.) A. Chev,Véronique,1297,Pélagie,3335
Cummerata Inc,Molokai Cyrtandra,Cyrtandra biserrata Hillebr.,Edmée,8213,Edmée,1270
Labadie and Sons,Po'owaha,Korthalsella platycaula (v. Tiegh.) Engl.,Océanne,5131,Anaël,8980
Friesen-Schimmel,Slender Bedstraw,Galium angustifolium Nutt. ex A. Gray ssp. gracillimum Dempster & Stebbins,Zhì,281,Marie-josée,9498
Wisoky-Leuschke,Tufted Fleabane,Erigeron caespitosus Nutt.,Laïla,4904,Börje,6241
"Denesik, Schinner and Fay",Glossy Buckthorn,Frangula alnus Mill.,Maïlis,6597,Célestine,1247
Sipes-Ziemann,Paleface,Hibiscus denudatus Benth.,Gaïa,8938,Edmée,4854
"Sipes, Hermiston and Tromp",Streambank Bulrush,Schoenoplectus triqueter (L.) Palla,Märta,782,Laurène,2729
Parker Inc,Globeberry,Ibervillea Greene,Stévina,6519,Aimée,5503
"Deckow, Mueller and Cormier",Silky Prairie Clover,Dalea villosa (Nutt.) Spreng. var. villosa,Cloé,302,Eléonore,4571
"Fay, Hilpert and Stokes",Fringed Nutrush,Scleria ciliata Michx. var. ciliata,Véronique,3430,Léandre,1748
"Auer, Lakin and Miller",Oregon Lupine,Lupinus oreganus A. Heller var. oreganus,Angèle,9466,Françoise,3202
Lebsack-Lind,Panamint Buckwheat,Eriogonum microthecum Nutt. var. panamintense S. Stokes,Angélique,6904,Irène,7808
"Stamm, Haag and Kuphal",Common Woodrush,Luzula multiflora (Ehrh.) Lej.,Kallisté,6756,Ruì,8445
Buckridge-Satterfield,Bolander's Milkvetch,Astragalus bolanderi A. Gray,Cinéma,3731,Görel,3128
"Stoltenberg, Cremin and Hegmann",Heckard's Indian Paintbrush,Castilleja montigena Heckard,Zoé,4521,Estève,604
Zemlak Group,Caribbean Fingergrass,Eustachys paspaloides (Vahl) Lanza & Mattei ssp. caribaea (Spreng.) Nowack,Gérald,121,Lóng,743
"Huel, Nikolaus and Kihn",Cape Cheesewood,Pittosporum viridiflorum Sims,Salomé,6333,Maëline,4233
"Gottlieb, Ruecker and Kirlin",Serviceberry,Amelanchier ×quinti-martii Louis-Marie (pro sp.),Magdalène,3635,Mélys,5464
Brekke-Blick,Yucatan Sage,Salvia micrantha Vahl var. micrantha,Lén,6553,Eléa,7712
"Boyer, Strosin and Cummings",Carolina Larkspur,Delphinium carolinianum Walter,Publicité,9356,Angélique,1655
"Armstrong, Nikolaus and Hayes",Weft Fern,Trichomanes intricatum Farrar,Sòng,7548,Nadège,1524
Pfannerstill LLC,Willow,Salix bicolor Fr.,Kallisté,5370,Nuó,1377
"Douglas, Abbott and Turcotte",Diffuse Knapweed,Centaurea diffusa Lam.,Vérane,7568,Táng,9790
Kreiger-Kuphal,Howell's Stitchwort,Minuartia howellii (S. Watson) Mattf.,Åslög,5957,Hélèna,9646
Waters-Orn,Rim Lichen,Lecanora expallens Ach.,Lén,3289,Tú,6850
Nicolas Inc,Dooryard Dock,Rumex longifolius DC.,Laurène,4223,Maëlla,2238
Jast-Barrows,Tree Brake,Pteris arborea L.,Loïc,9296,Andréanne,3727
Mohr-Mante,Oneseed Juniper,Juniperus monosperma (Engelm.) Sarg. var. monosperma,Maëlyss,4460,Dorothée,8969
Farrell-Franecki,Steinia Lichen,Steinia Körb.,Mélodie,5516,Esbjörn,3423
VonRueden Group,Peach Springs Canyon Cholla,Cylindropuntia abysii (Hester) Backeb.,Tú,5048,Marie-hélène,1602
"Renner, Boehm and Greenfelder",Yellow Pincushion,Chaenactis glabriuscula DC. var. megacephala A. Gray,Illustrée,115,Sòng,6848
"Rodriguez, Conn and Wunsch",Grand Fringed Gentian,Gentianopsis macrantha (D. Don ex G. Don) Iltis,Kallisté,4808,Loïc,4819
Feil-Dickinson,Pine Dropseed,Blepharoneuron tricholepis (Torr.) Nash,Béatrice,7106,Aurélie,8629
Murray Inc,Blue Orchid,Vanda coerulea Griff. ex Lindl.,Fèi,8431,Gaïa,5099
Greenholt-Bradtke,Dyebush,Psorothamnus emoryi (A. Gray) Rydb.,Andréanne,1392,Aloïs,3609
Rippin-King,Broadleaf False Carrot,Turgenia latifolia (L.) Hoffm.,Sélène,3730,Crééz,588
"Walter, Fisher and Little",Arrow-leaf Thelypody,Thelypodium eucosmum B.L. Rob.,Ruò,876,Marie-thérèse,2714
Ledner Group,Robins' Bellflower,Campanula robinsiae Small,Desirée,7435,Cinéma,4584
Raynor and Sons,Western Snow Lichen,Stereocaulon dactylophyllum Flörke var. occidentale (H. Magn.) Lamb,Maïlys,7929,Athéna,3515
"Bergnaum, Maggio and Baumbach",Ragged Marsh-elder,Hedosyne ambrosiifolia (A. Gray) Strother,Cinéma,7510,Solène,8671
"Ankunding, Fadel and Dibbert",Lacelip Lady's Tresses,Spiranthes laciniata (Small) Ames,Almérinda,2556,Sélène,5927
Wintheiser-Green,Hedge Bamboo,Bambusa multiplex (Lour.) Raeusch. ex Schult. & Schult. f.,Félicie,786,Maïlis,5240
Reichel Inc,Tepary Bean,Phaseolus acutifolius A. Gray var. latifolius Freeman,Mélissandre,4523,Léonore,9049
"Turner, Roob and Ward",Big Arroyo Rockmat,Petrophytum acuminatum Rydb.,Annotés,9408,Lài,8342
"Bailey, Mueller and Strosin",Lipsticktree,Bixa orellana L.,Dafnée,4359,Mégane,7396
Herzog LLC,Boreal Yarrow,Achillea millefolium L. var. borealis (Bong.) Farw.,Måns,2663,Marlène,7226
"Renner, Mraz and Wilkinson",American Hogpeanut,Amphicarpaea bracteata (L.) Fernald var. comosa (L.) Fernald,Lén,3768,Eugénie,2758
"Parker, Lockman and Feest",Torenia,Torenia L.,Gaétane,4000,Laurélie,4229
Skiles and Sons,Blumer's Draba,Draba helleriana Greene var. blumeri C.L. Hitchc.,Dafnée,7980,Laurélie,6093
Ziemann Inc,Redstem,Ammannia L.,Dorothée,6472,Marie-ève,738
Denesik LLC,Green Carpetweed,Mollugo verticillata L.,Mégane,5817,Célia,9188
"Roob, Hayes and Okuneva",Sharp-leaf Spiderling,Boerhavia acutifolia (Choisy) J.W. Moore,Amélie,7201,Gwenaëlle,8662
"Purdy, Powlowski and Schowalter",Fourpetal Pawpaw,Asimina tetramera Small,Yú,3893,Marylène,3751
Bauch Inc,Sandstede's Wart Lichen,Verrucaria sandstedei de Lesd.,Séverine,4772,Rachèle,6039
Turcotte-White,Wyoming Indian Paintbrush,Castilleja linariifolia Benth.,Solène,5002,Crééz,9225
Christiansen-Blick,Schoolcraft's Dewberry,Rubus schoolcraftianus L.H. Bailey,Marie-noël,6764,Bécassine,161
Skiles Group,Rim Lichen,Lecanora subrugosa Nyl.,Esbjörn,9652,Miléna,1795
"Schneider, Ernser and Rippin",Ravenel's Dotted Lichen,Bacidia ravenelii (Tuck.) Zahlbr.,Mélinda,9718,Anaël,9749
"Waelchi, Fisher and Weber",Dwarf Birch,Betula nana L. ssp. nana,Inès,1882,Mélinda,4711
Crona Inc,Mother Of Thyme,Thymus praecox Opiz,Danièle,2845,Håkan,5100
Robel-Rippin,Bristle Nailwort,Paronychia setacea Torr. & A. Gray,Esbjörn,404,Laurélie,8599
Treutel-Toy,Rhodora,Rhododendron canadense (L.) Torr.,Bénédicte,4953,Marie-françoise,5559
Donnelly and Sons,Konor Rhododendron,Rhododendron konori Becc.,Maëly,2331,Mégane,3467
Mohr-Will,Rinodina Lichen,Rinodina granuligera H. Magn.,Géraldine,4792,Cécilia,4850
Block-Gorczany,Llume,Gaussia attenuata (O.F. Cook) Becc.,Fèi,6909,Stévina,3221
Mayer-Funk,Nigaki,Picrasma quassioides (D. Don) Benn.,Erwéi,9172,Eliès,4813
Ullrich-Zemlak,Southwestern Groundcherry,Physalis caudella Standl.,Noémie,8829,Renée,5372
Tremblay-Berge,Ripley's Milkvetch,Astragalus ripleyi Barneby,Nélie,9326,Marlène,8573
Sanford-Crona,Small Phacelia,Phacelia minutissima L.F. Hend.,Rébecca,5153,Léandre,2821
Nitzsche Inc,Hemlock Rosette Grass,Dichanthelium sabulorum (Lam.) Gould & C.A. Clark var. sabulorum (Lam.) Gould & C.A. Clark [excluded],Alizée,243,Nélie,8890
"Marquardt, Walter and Gleason",Downy Gentian,Gentiana puberulenta J. Pringle,Marie-thérèse,8094,Bécassine,6608
"Brown, Hane and Rath",Milky Draba,Draba lactea M.F. Adams,Méline,832,Daphnée,5763
Tromp LLC,Donn's Small Limestone Moss,Seligeria donniana (Sm.) Müll. Hal.,Hélèna,1336,Mahélie,7135
Abbott-Leuschke,Dicranodontium Moss,Dicranodontium subporodictyon Broth.,Måns,8891,Solène,500
"Grant, Hintz and Marks",Trans-pecos Giant Hyssop,Agastache breviflora (A. Gray) Epling,Méghane,4924,Irène,5033
Denesik-Grady,Rupturewort,Polygonum herniarioides Delile,Måns,5982,Irène,540
Runte Group,Sedge,Carex diluta M. Bieb.,Méthode,1414,Gaïa,2376
"VonRueden, Rogahn and Brakus",Idaho Fescue,Festuca idahoensis Elmer,Méline,9934,Anaïs,7854
Borer Group,Manystem Blazingstar,Mentzelia multicaulis (Osterh.) A. Nelson ex J. Darl. var. librina Thorne & F.G. Sm.,Marie-ève,7508,Rébecca,6704
Altenwerth-Carter,Loose Silkybent,Apera spica-venti (L.) P. Beauv.,Simplifiés,9907,Eugénie,5562
Pagac LLC,Jelly Lichen,Collema callopismum A. Massal.,Bécassine,7174,Aloïs,2867
"Cole, O'Keefe and Hills",Rattlebox,Crotalaria alata Buch.-Ham. ex D. Don,Amélie,2295,Cunégonde,1195
"Ritchie, Doyle and Wisozk",Weeping Willow,Salix ×sepulcralis Simonkai,Lauréna,3457,Pélagie,5284
"McGlynn, Hintz and Effertz",Tinypetal Waxweed,Cuphea micrantha Kunth,Nélie,7618,Publicité,148
"Kerluke, Olson and Bayer",Arrowhead Maiden Fern,Thelypteris hastata (Fée) Proctor var. heterodoxa Proctor,Yú,5351,Geneviève,2510
Waters-Torp,Molokai Cyrtandra,Cyrtandra biserrata Hillebr.,Régine,951,Estée,9649
Kihn-Yost,Scarlet Globemallow,Sphaeralcea coccinea (Nutt.) Rydb. ssp. coccinea,Estève,3974,Edmée,7052
"Johns, Schuster and Blanda",Sibbaldia,Sibbaldia L.,Sòng,2858,Clémence,2925
Pouros-Friesen,Greene's Popcornflower,Plagiobothrys greenei (A. Gray) I.M. Johnst.,Maï,6781,Örjan,2676
"Cronin, McKenzie and Borer",Cyrtandra,Cyrtandra ×rockii H. St. John & Storey (pro sp.),Edmée,6036,Faîtes,1011
Heidenreich-Wunsch,Virginia Meadowsweet,Spiraea virginiana Britton,Eloïse,6871,Eléonore,2029
Ryan LLC,American Globeflower,Trollius laxus Salisb. ssp. laxus,Vénus,9188,Pò,2721
Cassin-Considine,Black She-oak,Allocasuarina littoralis (Salisb.) L.A.S. Johnson,Célia,6534,Loïs,895
Rice-Veum,Elephant Panicgrass,Panicum elephantipes Nees,Anaël,9553,Célestine,3228
"Schoen, Thompson and Howell",Schaereria Lichen,Schaereria fuscocinerea (Nyl.) Clauzade & Roux,Illustrée,5794,Mahélie,1947
"Dare, Harris and Schaefer",Dactylospora Lichen,Dactylospora pertusariicola (Willey ex Tuck.) Hafellner,Naëlle,1549,Médiamass,2529
"Connelly, Block and Gorczany",Rhexophyllum Moss,Rhexophyllum subnigrum (Mitt.) Thér. ex Hilp.,Ophélie,4979,Lucrèce,799
DuBuque Inc,Lace Hedgehog Cactus,Echinocereus reichenbachii (Terscheck ex Walp.) hort ex Haage ssp. reichenbachii,Tán,1135,Cléa,6161
"Auer, Rempel and White",San Pedro River Sandmat,Chamaesyce trachysperma (Engelm.) Millsp.,Pélagie,465,Océanne,5170
Kshlerin and Sons,Handsome Phacelia,Phacelia peirsoniana J.T. Howell,Mélinda,6898,Maëlys,5801
Feil-Ledner,Applecactus,Harrisia Britton,Torbjörn,4951,Mén,982
Kuhn Group,Openground Dewberry,Rubus furtivus L.H. Bailey,Alizée,1147,Maëlle,1493
Hessel-Bins,Seaside Brookweed,Samolus valerandi L. ssp. parviflorus (Raf.) Hultén,Mélys,960,Miléna,9278
"Sauer, Rolfson and Hills",Duke Hawthorn,Crataegus stenosepala Sarg.,Léandre,5326,Aloïs,880
Effertz Inc,Yampa River Cryptantha,Cryptantha stricta (Osterh.) Payson,Estée,2899,Cléa,2200
"Breitenberg, Reynolds and Ruecker",Hevea,Hevea Aubl.,Maïwenn,8240,Mélia,8827
"Grant, O'Kon and Kertzmann",Groundcover Milkvetch,Astragalus humistratus A. Gray var. tenerrimus M.E. Jones,Frédérique,2312,Cloé,5487
Kulas Inc,Longpod Stitchwort,Minuartia macrocarpa (Pursh) Ostenf.,Måns,3239,Dù,2071
"Heller, Hansen and Goodwin",Bamboo,Bambusa tulda Roxb.,Örjan,2966,Loïc,7507
Koss LLC,Clustered Frostweed,Helianthemum glomeratum (Lag.) Lag. ex Dunal,Gérald,8384,Gwenaëlle,279
Oberbrunner-Hilll,Monongahela Barbara's Buttons,Marshallia grandiflora Beadle & F.E. Boynt.,Personnalisée,1887,Stéphanie,6633
Wuckert-Dare,Lion's Tail,Chaiturus Willd.,Béatrice,5210,Publicité,757
"Bernhard, Muller and Schaefer",Spearleaf Arnica,Arnica longifolia D.C. Eaton,Mélanie,143,Erwéi,7614
"Stehr, Daniel and Ferry",Asiatic Dewflower,Murdannia spirata (L.) Bruckner,Cloé,9686,Maéna,1892
Stiedemann-Berge,Variable Bean,Phaseolus polymorphus S. Watson,Valérie,109,Andrée,5609
"Pfeffer, Ledner and Hagenes",Peonyleaf Woodsorrel,Oxalis dichondrifolia A. Gray,Adèle,3031,Bérangère,1127
McDermott-Connelly,Prairie Coneflower,Rudbeckia fulgida Aiton var. palustris (Eggert ex C.L. Boynt. & Beadle) Perdue,Cloé,9453,Mårten,2527
Bashirian-Ernser,Flamegold,Koelreuteria elegans (Seem.) A.C. Sm.,Léana,8793,Maïwenn,1596
Hagenes LLC,Castetter's Milkvetch,Astragalus castetteri Barneby,Mén,9731,Yè,5973
Hartmann-Green,Peachleaf Willow,Salix amygdaloides Andersson,Nuó,1890,Eléonore,5820
Hintz-Stokes,Callaway Milkvetch,Astragalus callithrix Barneby,Amélie,2003,Laurène,8150
"Christiansen, Pacocha and Wilkinson",Bractscale,Atriplex serenana A. Nelson,Félicie,5584,André,7163
Harber Group,Lead Lichen,Parmeliella crossophylla (Tuck.) G. Merr. & Burnham,Valérie,5781,Irène,5842
Fadel-Schumm,Pygmy Pink,Saponaria pumilio (L.) Fenzl ex A. Braun,Pénélope,701,Eliès,2185
McKenzie-Rippin,Omphalora,Omphalora T. Nash & Hafellner,Rébecca,4922,Aloïs,7757
"Mertz, Blanda and Ziemann",Bullseye Lichen,Placopsis cribellans (Nyl.) Rasanen,Pål,2025,Estève,2356
Rowe LLC,Robies Cocksfoot,Tetrachne dregei Nees,Maëline,4743,Pò,9090
Turcotte-Reinger,Madonna Lily,Lilium candidum L.,Béatrice,2916,Yáo,5024
Daniel Inc,Bog White Violet,Viola lanceolata L. ssp. lanceolata,Eliès,4069,Yú,6070
McDermott and Sons,Rocky Mountain Penstemon,Penstemon strictus Benth.,Mélissandre,5648,Bérénice,7210
Turcotte-Hintz,Zuckia,Zuckia Standl.,Maï,9642,Josée,6402
Koss and Sons,Mt. Cerrote Angleflower,Leandra krugii (Cogn.) W.S. Judd & Skean,Yáo,2397,Méryl,4942
"Rath, Harber and Kilback",Lecania Lichen,Lecania A. Massal.,Östen,1910,André,7385
Abbott Inc,Pale Beaksedge,Rhynchospora pallida M.A. Curtis,Erwéi,457,Amélie,1482
Becker and Sons,Oregon Whitetop Aster,Sericocarpus oregonensis Nutt.,Eliès,9859,Sélène,5196
"O'Keefe, Hickle and Welch",Plains Snakecotton,Froelichia floridana (Nutt.) Moq. var. floridana,Béatrice,7853,Fèi,3117
Russel-Medhurst,Missouri Gourd,Cucurbita foetidissima Kunth,Annotés,7682,Eliès,5899
"Franecki, Bednar and Heidenreich",Hawkweed,Hieracium ×fassettii Lepage,Yáo,1930,Léonie,7608
Casper LLC,Weatherby's Arrowhead,Sagittaria graminea Michx. var. weatherbiana (Fernald) Bogin,Anaël,5399,Frédérique,1691
"Upton, Torp and Wolf",Brachymenium Moss,Brachymenium Schwägr.,Åke,7313,Illustrée,7591
"Kub, Franecki and Hand",Common Sneezeweed,Helenium autumnale L. var. autumnale,Lóng,2930,Maëlann,8244
"Feeney, Emard and Gusikowski",Coastal Gilia,Gilia diegensis (Munz) A.D. Grant & V.E. Grant,Märta,3279,Estée,3600
Kovacek Inc,Subalpine Gumweed,Grindelia subalpina Greene,Intéressant,2419,Léane,8465
Franecki Group,Sarsaparilla,Smilax aristolochiifolia Mill.,Judicaël,9323,Illustrée,6169
"Gleason, Glover and Senger",Beefsteakplant,Perilla frutescens (L.) Britton var. frutescens,Clémentine,9021,Marie-thérèse,3976
"Rolfson, Ondricka and Quitzon",Clubmoss,Lycopodiella ×brucei Cranfill,Amélie,3664,Stéphanie,3057
Kozey-Schuster,Cowell's Sandmat,Chamaesyce cowellii Millsp. ex Britton,Maéna,4453,Maïlis,2388
"Kuhn, Shanahan and Adams",Mexican Crinklemat,Tiquilia mexicana (S. Watson) A.T. Richardson,Cinéma,4367,Océane,3604
"Glover, Klocko and Howe",Copperbush,Elliottia pyroliflora (Bong.) S.W. Brim & P.F. Stevens,Crééz,3982,Agnès,6711
Kreiger Group,Whitenymph,Trepocarpus aethusae Nutt. ex DC.,Annotée,9160,Tán,898
Cummerata LLC,Arctic Cottongrass,Eriophorum callitrix Cham. ex C.A. Mey. var. moravium Raymond,Edmée,5681,Méline,1299
Borer-Hermann,Wright's Cliffbrake,Pellaea wrightiana Hook.,Marie-françoise,7515,Geneviève,2601
"Beer, Gutkowski and Hickle",Peregrine Saltbush,Atriplex suberecta I. Verd.,Marylène,4934,Faîtes,6171
Bauch-Cormier,Pinewoods Horkelia,Horkelia fusca Lindl. ssp. filicoides (Crum) D.D. Keck,Mylène,6656,Alizée,6324
"Waters, Borer and Bayer",Blackgum,Nyssa sylvatica Marshall,Desirée,5899,Gwenaëlle,8940
"Schinner, Kerluke and Thompson",Pogostemon,Pogostemon Desf.,Françoise,8403,Intéressant,5259
Walker-Dooley,Marijuana,Cannabis sativa L. ssp. sativa,Gaëlle,8391,Aimée,4486
"Schroeder, Abshire and Davis",Cockleshell Lichen,Hypocenomyce xanthococca (Sommerf.) P. James & Gotth. Schneid.,Daphnée,2574,Noëlla,3138
"Schiller, Hoppe and Collins",Corn,Zea mays L. ssp. parviglumis Iltis & Doebley,Åsa,6225,Tú,926
Labadie Inc,Navajo Fleabane,Erigeron concinnus (Hook. & Arn.) Torr. & A. Gray,Méline,4158,Léonie,2142
"Orn, Erdman and Beer",Cuckoo Flower,Cardamine pratensis L. var. angustifolia Hook.,Andréanne,356,Angèle,8144
"Heathcote, Bernier and Leuschke",Memphisgrass,Cutandia Willk.,Nuó,6907,Anaïs,8268
Stiedemann Group,Antigonon,Antigonon Endl.,Françoise,8583,Laurène,2159
Moen LLC,Knotweed Spineflower,Chorizanthe polygonoides Torr. & A. Gray var. longispina (Goodman) Munz,Adélie,5576,Frédérique,1847
Dibbert LLC,Palmate Toothwort,Cardamine nuttallii Greene var. nuttallii,Séverine,7922,Märta,2233
Bauch-Abshire,Fuchsia Bush,Eremophila subfloccosa Benth.,Géraldine,4448,Faîtes,3850
Schultz LLC,Indian Pink,Silene californica Durand,Pål,7730,Måns,6575
"Lynch, Berge and Brakus",Mt. Albert Goldenrod,Solidago simplex Kunth ssp. simplex var. simplex,Pélagie,1045,Aloïs,6790
Towne-Wiegand,Rockledge Spleenwort,Asplenium ocoense C. Chr.,Agnès,8567,Crééz,3489
"Reichel, Lehner and Glover",Showy Draba,Draba spectabilis Greene var. spectabilis,Intéressant,7602,Yóu,7516
Hoeger-Kiehn,Sourwood,Oxydendrum DC.,Magdalène,5276,Maïwenn,4029
"Balistreri, Spinka and Brown",Needle Lichen,Chaenotheca brunneola (Ach.) Müll. Arg.,Réjane,5068,Marie-noël,904
Cassin Group,Sematophyllum Moss,Sematophyllum demissum (Wilson) Mitt.,Åslög,2967,Ráo,8412
Reilly Inc,Whorled-leaf False Buttonweed,Spermacoce eryngioides (Cham. & Schltdl.) Kuntze,Annotés,7102,Naéva,9411
Torphy-Parisian,Eranthis,Eranthis Salisb.,Méryl,8894,Almérinda,2566
"Watsica, Hoppe and Marks",Green And Gold,Chrysogonum virginianum L.,Dafnée,798,Almérinda,8550
Bosco Inc,Whitecolumn Foxtail Cactus,Escobaria tuberculosa (Engelm.) Britton & Rose,Aimée,3056,Adélaïde,2478
Frami LLC,Central America Grass,Ixophorus Schltdl.,Marylène,8089,Gösta,9659
Dibbert LLC,Shortstem Buckwheat,Eriogonum brevicaule Nutt. var. micranthum (Nutt.) Reveal,Nuó,9916,Lài,9593
Herman Group,Branching Phacelia,Phacelia ramosissima Douglas ex Lehm.,Esbjörn,2362,Léone,1817
"Emard, Keebler and Christiansen",Spreading Phlox,Phlox diffusa Benth. ssp. scleranthifolia (Rydb.) Wherry,Personnalisée,3175,Léane,5636
Pfannerstill-Hammes,Hybrid Oak,Quercus ×schochiana Dieck ex Palmer,Mélodie,8044,Maïwenn,9295
"Jenkins, Treutel and Olson",Trichosanthes,Trichosanthes L.,Fèi,6759,Faîtes,2482
"Fritsch, Maggio and Beier",Gmelina,Gmelina L.,Annotés,9821,Loïc,5522
Corwin-Marvin,Lecidea Lichen,Lecidea tenayucae de Lesd.,Maïlis,7727,Vénus,7356
"D'Amore, Hilpert and Mertz",Tapellaria Lichen,Tapellaria nana (Fée) R. Sant.,Mahélie,7145,Pò,5987
Metz Group,Napali Kona Peperomia,Peperomia kokeana Yunck.,Séréna,4314,Marie-françoise,667
Rowe-Sipes,Leucodon Moss,Leucodon Schwägr.,Rachèle,6392,Aimée,8480
Howe LLC,Yellow Marsh Saxifrage,Saxifraga hirculus L. ssp. propinqua (R. Br.) Á. Löve & D. Löve,Géraldine,2174,Pélagie,1317
Wunsch and Sons,Sawblade,Dyckia brevifolia Baker,Inès,9459,Océane,3750
Conroy and Sons,Diamond Maidenhair,Adiantum trapeziforme L.,Judicaël,8783,Marie-hélène,3349
Parisian Group,Silver Fir,Abies alba Mill.,Kù,4824,Adélaïde,5313
Bartell Inc,Meadow Spikemoss,Selaginella apoda (L.) Spring,Sélène,2097,Valérie,7651
Conn LLC,Shorthair Sedge,Carex exserta Mack.,Crééz,9561,Adélaïde,3468
Purdy-Yundt,Fontanesia,Fontanesia Labill.,Séverine,9334,Yáo,3319
Wisoky-Bernhard,Ridgetop Schiedea,Schiedea mannii H. St. John,Danièle,2767,Kévina,3507
Bailey-Cormier,Garrett's Bladderpod,Lesquerella garrettii Payson,Noémie,692,Zhì,871
Zulauf Group,Triphasia,Triphasia Lour.,Laurène,2885,Marie-hélène,9117
Shanahan-Cummerata,Dot Lichen,Arthonia conferta (Fée) Nyl.,Clémentine,854,Vérane,1780
Blanda-Breitenberg,Dense Spleenwort,Asplenium trichomanes L. ssp. densum (Brack.) W.H. Wagner,Mélodie,5212,Dafnée,3261
"Leannon, Turner and Barton",Valley Mayweed,Matricaria occidentalis Greene,Nadège,2923,Maïly,5080
Quitzon-Quitzon,Laguncularia,Laguncularia C.F. Gaertn.,Dafnée,7405,Yú,4465
Altenwerth-Heathcote,Samyda,Samyda Jacq.,Hélène,662,Cécilia,5780
Crona-Langworth,Mosquitograss,Dasypyrum villosum (L.) Coss. & Durieu ex P. Candargy,Kuí,552,Félicie,7970
"Tromp, Anderson and Roob",Stinking Roger,Osteospermum calendulaceum L. f.,Ophélie,1223,Magdalène,8759
"Jacobi, Jacobi and Cronin",Pale Island Spleenwort,Diellia pallida W.H. Wagner,Lyséa,3327,Cloé,3584
Funk-Ebert,Burrograss,Scleropogon Phil.,Salomé,3953,Estée,3136
"Hane, Auer and Hintz",Hybrid Oak,Quercus ×ludoviciana Sarg.,Pélagie,2045,Dafnée,2387
"McGlynn, Rogahn and Bartell",Taperleaf Water Horehound,Lycopus rubellus Moench,Táng,5089,Yénora,693
"Jerde, Hegmann and Konopelski",Large Selenia,Selenia grandis R.F. Martin,Östen,4526,Sélène,1709
"Kub, Greenholt and Orn",Wulfen's Lecidella Lichen,Lecidella wulfenii (Hepp) Körb.,Marie-hélène,3006,Marylène,2840
Goyette-Greenholt,Apache Buckwheat,Eriogonum heermannii Durand & Hilg. var. apachense (Reveal) Reveal,Fèi,3223,Görel,4264
Glover and Sons,Douglas' Knotweed,Polygonum douglasii Greene ssp. douglasii,Léana,103,Gösta,2138
Labadie-Tromp,Storm Saxifrage,Saxifraga tempestiva Elvander & Denton,Daphnée,764,Andrée,4221
"Bartell, Ryan and MacGyver",Alder,Alnus Mill.,Liè,6080,Mélanie,582
Considine and Sons,Siberian Larch,Larix sibirica Ledeb.,Lyséa,6486,Gaïa,3674
Gislason LLC,Slender Carpetweed,Mollugo gracillima Andersson,Gösta,9538,Anaé,1914
Goodwin-Nader,Snow Arnica,Arnica frigida C.A. Mey. ex Iljin ssp. frigida,Solène,829,Clémentine,4079
Marvin and Sons,Pondweed,Potamogeton marianensis Cham. & Schltdl.,Kuí,1758,Maïlys,7195
"Kunde, Baumbach and Mertz",Hawai'i Poisonberry Tree,Pittosporum argentifolium Sherff,Mélina,5977,Wá,3514
Douglas Inc,Bentham's Pipewort,Eriocaulon benthamii Kunth,Maëlle,7709,Audréanne,5030
"Rutherford, Mante and Murazik",Hydrocleys,Hydrocleys Rich.,Mélina,673,Maëly,1256
Blanda Inc,Arizona Sandmat,Chamaesyce arizonica (Engelm.) Arthur,Pò,876,Angélique,9275
"Hegmann, Koepp and Grady",Psilopilum Moss,Psilopilum laevigatum (Wahlenb.) Lindb.,Cléa,647,Marie-josée,391
"Wiza, Hodkiewicz and Keebler",Squarestem Spikerush,Eleocharis quadrangulata (Michx.) Roem. & Schult.,Illustrée,9552,Maïlys,594
Kuhlman-Streich,Maui Bur Cucumber,Sicyos hillebrandii H. St. John,Björn,3866,Yénora,2021
Cummerata Group,Belonia Lichen,Belonia russula Körb. ex Nyl.,Laïla,5838,Maëline,8583
O'Keefe-Bartell,Annual Townsend Daisy,Townsendia annua Beaman,Annotée,4634,Léone,6818
"Dickinson, Romaguera and Terry",False Daisy,Eclipta prostrata (L.) L.,Faîtes,202,Anaïs,3697
Jacobs and Sons,Porcupinegrass,Hesperostipa spartea (Trin.) Barkworth,Publicité,3236,Örjan,9426
Dare Inc,Flatfork Fern,Psilotum complanatum Sw.,Kévina,7246,Mén,4275
"Powlowski, Daniel and Lynch",Brewer's Milkvetch,Astragalus breweri A. Gray,Dà,9625,Cunégonde,4955
Gutkowski Inc,Alabama Larkspur,Delphinium alabamicum Kral,Personnalisée,9956,Yè,3302
Monahan-Koelpin,Canoe Milkvetch,Astragalus cymboides M.E. Jones,Maëlann,5471,Aloïs,9624
Schoen-Gutmann,Rough Waterclover,Marsilea hirsuta R. Br.,Faîtes,9075,Intéressant,798
"Grimes, Crooks and Quigley",Allen's Pentachaeta,Pentachaeta aurea Nutt. ssp. allenii D.J. Keil,Bérengère,2144,Cécilia,9138
"Windler, Maggio and McKenzie",Zebrina,Zebrina Schnizl.,Méline,9626,Fèi,2759
Hilpert-Davis,Cithara Buckwheat,Eriogonum cithariforme S. Watson var. cithariforme,Gérald,3792,Béatrice,5502
Johnston-Rowe,Willow,Salix gilgiana Fr.,Aurélie,4295,Camélia,1305
"Wilkinson, Torphy and Christiansen",Tynanthus,Tynanthus Miers,Edmée,7593,Camélia,4414
Erdman-Swaniawski,Anisomeridium Lichen,Anisomeridium subprostans (Nyl.) R.C. Harris,Céline,6257,Thérèsa,946
Mosciski Group,Tall Tonguefern,Elaphoglossum alatum Gaudich. var. alatum,Kù,5262,Lorène,3347
"Gorczany, Grady and Dach",Shamel Ash,Fraxinus uhdei (Wenzig) Lingelsh.,Hélène,3716,Thérèse,2217
"Kautzer, Dare and Durgan",Twoleaf Springparsley,Cymopterus coulteri (M.E. Jones) Mathias,Marie-josée,5347,Renée,3538
"Kuhlman, Sawayn and Becker",Heartleaf Skullcap,Scutellaria ovata Hill,Méthode,4492,Hélèna,6265
Towne LLC,Wooton's Mock Orange,Philadelphus wootonii Hu,Léa,9977,Daphnée,209
Jacobs-Lehner,Netleaf Swampprivet,Forestiera reticulata Torr.,Marylène,4214,Stéphanie,7490
"White, O'Conner and Beer",Lindley's Aster,Symphyotrichum ciliolatum (Lindl.) Á. Löve & D. Löve,Méthode,9717,Dà,6276
Hoeger Group,American Brunfelsia,Brunfelsia americana L.,Eugénie,5193,Léane,3120
"Yundt, Frami and Spinka",Maerua,Maerua Forssk.,Gaïa,1140,Publicité,648
Senger-Reynolds,Boatlily,Tradescantia spathacea Sw.,Loïca,5463,Maï,6395
"Jaskolski, Ritchie and O'Connell",Soapbush,Clidemia hirta (L.) D. Don,Estève,6207,Lén,8090
Windler Inc,Yucatan Sage,Salvia micrantha Vahl,Bérengère,4597,Ruì,3052
Schoen Group,Sematophyllum Moss,Sematophyllum Mitt.,Erwéi,271,Estée,2208
Schuster-Cruickshank,Foothill Jepsonia,Jepsonia heterandra Eastw.,Görel,9289,Eloïse,525
"Johnson, Cormier and Prohaska",Bigberry Manzanita,Arctostaphylos glauca Lindl.,Estée,2094,Lóng,9739
Wisozk-Breitenberg,Sunflower Mule-ears,Wyethia helianthoides Nutt.,Illustrée,253,Björn,5883
Barrows Group,Twoflower Melicgrass,Melica mutica Walter,Bérénice,8758,Simplifiés,6172
Prohaska Group,Bulbous Yam,Dioscorea pilosiuscula Bertero ex Spreng.,Hélène,8255,Bécassine,5325
Grimes-Herman,Pepperweed,Lepidium L.,Angèle,7136,Stéphanie,7938
Labadie Group,Mallow Bindweed,Convolvulus althaeoides L.,Yóu,2604,Maëlann,1281
"Huels, Daniel and Schimmel",Drummond's Bluebells,Mertensia drummondii (Lehm.) G. Don,Mylène,7900,Ruì,9811
"Grimes, Senger and Hansen",Dendroalsia Moss,Dendroalsia E. Britton,Pélagie,4404,Naëlle,856
Mayert Group,Mt. Eke Peperomia,Peperomia eekana C. DC.,Mahélie,1933,Andréanne,6272
"Beahan, Reilly and Kiehn",Corn Buttercup,Ranunculus arvensis L.,Aurélie,3478,Maëlys,2529
"Ernser, Schiller and Frami",California Oatgrass,Danthonia californica Bol.,Camélia,6081,Adélaïde,3322
"Prohaska, Ernser and West",Pore Lichen,Pertusaria multipunctoides Dibben,Méline,9958,Naéva,1233
Parker Inc,Reinwardt's Zygodon Moss,Zygodon reinwardtii (Hornsch.) A. Br.,Eliès,823,Danièle,6232
"Walter, Considine and Sauer",Spleenwort,Asplenium ×curtissii Underw. (pro sp.),Rachèle,1172,Rachèle,4759
"Haag, Stroman and Rowe",Anacamptodon Moss,Anacamptodon splachnoides (Froel. ex Brid.) Brid.,Agnès,8311,Mélina,6791
Kuphal-Reilly,Ovate Dillenia,Dillenia ovata Wall. ex Hook. f. & Thomson,Marylène,5905,Léa,4270
"Corkery, McLaughlin and Hintz",Cartagena Prairie Clover,Dalea carthagenensis (Jacq.) J.F. Macbr. var. carthagenensis,Maëline,9009,Táng,1880
Sporer-Armstrong,Ovate Dillenia,Dillenia ovata Wall. ex Hook. f. & Thomson,Méng,7148,Réservés,4331
Wisoky Group,Horehound-leaf Nettle,Urtica ballotifolia Weddell,Thérèsa,6406,Laïla,8737
Gleichner Group,Vetch,Vicia montbretii Fisch. & C.A. Mey.,Régine,9551,Réservés,7492
Kuphal and Sons,Eastern Greenviolet,Hybanthus concolor (T.F. Forst.) Spreng.,Séverine,8978,Léane,296
Hilpert Group,Loosehead Sandwort,Arenaria congesta Nutt. var. subcongesta (S. Watson) S. Watson,Céline,3733,Athéna,8713
Crist Group,Simpson's Buckwheat,Eriogonum microthecum Nutt. var. simpsonii (Benth.) Reveal,Bérengère,1931,Danièle,8785
"Lubowitz, Ullrich and Hand",Trichostomum Moss,Trichostomum crispulum Bruch,Björn,8850,Gaétane,5717
"Kunde, Miller and Smitham",California Mistmaiden,Romanzoffia californica Greene,Gaëlle,6003,Kallisté,1829
Dickens-Corwin,Cyrtandra,Cyrtandra ×caudatisepala H. St. John (pro sp.),Loïca,9015,Östen,6125
"Gleichner, Frami and Toy",Deerberry,Vaccinium stamineum L.,Méryl,8210,Bérengère,2403
Donnelly-Lebsack,Pyrenopsis Lichen,Pyrenopsis grumulifera Nyl.,Gaïa,6658,Maëlys,7678
"Lehner, Jerde and Macejkovic",Sacramento Saltbush,Atriplex persistens Stutz & G.L. Chu,Agnès,1229,Laurène,3461
"O'Hara, Beer and Shields",Rascagarganta,Philodendron consanguineum Schott,Salomé,9190,Jú,5709
Aufderhar Group,Toothed Plagiothecium Moss,Plagiothecium denticulatum (Hedw.) Schimp.,Danièle,9273,Mylène,8264
Willms Inc,Rattlesnake Fern,Botrychium virginianum (L.) Sw.,Görel,5415,Mélinda,492
Metz-Fritsch,Raggedlip Orchid,Psilochilus macrophyllus (Lindl.) Ames,Médiamass,112,Cécile,9948
"Bechtelar, Baumbach and Glover",Teloschistes Lichen,Teloschistes Norman,Tú,4244,Stéphanie,2837
"Zboncak, Lowe and Dare",Katherine-wheel,Scadoxus multiflorus (Martyn) Raf. ssp. katherinae (Baker) Friis & Nordal,Marylène,1734,Geneviève,2310
Luettgen LLC,Locoweed,Oxytropis arctobia Bunge,Örjan,9552,Zoé,5377
Hettinger LLC,Echites,Echites P. Br.,Faîtes,1555,Cinéma,6963
Bernier Inc,Dendrobium,Dendrobium Sw.,André,8650,Andréa,9432
"Bins, Hagenes and Mills",Vetivergrass,Vetiveria zizanioides (L.) Nash,Aimée,7037,Andréanne,7009
"Cartwright, Cartwright and Kassulke",Sweetwood,Ocotea Aubl.,Cléopatre,4523,Cléa,1721
Cruickshank-Schaefer,Ochna,Ochna L.,Inès,5955,Réjane,8187
Boehm Group,Ratany,Krameria L.,Mylène,259,Nuó,5424
Greenholt-Jones,Wand Lespedeza,Lespedeza virgata (Thunb.) DC.,Tán,4251,Laurélie,1626
"Langworth, Murphy and Leffler",Counterclockwise Nipple Cactus,Mammillaria mainiae K. Brandegee,Méryl,9684,Loïs,8114
Brekke LLC,Paulownia,Paulownia Siebold & Zucc.,Maëlyss,5313,Maëlla,3548
"Pfannerstill, Mann and Windler",Mallory's Manzanita,Arctostaphylos malloryi (W. Knight & Gankin) P.V. Wells,Renée,2199,Andréanne,8283
"Hessel, Lang and Boyle",Climbing Cactus,Epiphyllum Haw.,Joséphine,1586,Anaé,7109
"Wehner, McKenzie and Sauer",Cliff Desertdandelion,Malacothrix saxatilis (Nutt.) Torr. & A. Gray,Rachèle,1361,Joséphine,7781
Homenick-Paucek,Rosy Bird's-foot Trefoil,Lotus aboriginus Jeps.,Géraldine,8748,Pål,3487
Schultz-Thiel,Klamath Fawnlily,Erythronium klamathense Applegate,Réservés,7547,André,7973
Schmitt-Quitzon,Royal Evening Primrose,Oenothera falfurriae W. Dietr. & W.L. Wagner,Méng,2988,Naéva,3723
"Kovacek, Ledner and McClure",Elliott's Bentgrass,Agrostis elliottiana Schult.,Dà,1175,Bérangère,8347
Powlowski and Sons,Woolly Hawkweed,Hieracium triste Willd. ex Spreng. var. fulvum Hultén,Léa,2748,Maëlann,3110
Mertz-Parker,Porter's Licorice-root,Ligusticum porteri J.M. Coult. & Rose,Michèle,4171,Joséphine,8553
"Watsica, Lesch and Anderson",Lecidea Lichen,Lecidea tessellata Flörke var. caesia (Anzi) Arnold,Maëlys,3395,Maïté,4048
Anderson LLC,Granadillo Bobo,Miconia prasina (Sw.) DC.,Zhì,518,Salomé,2414
Harvey-Kuhn,Snowdrop,Galanthus nivalis L.,Bérangère,9840,Maëly,9167
"Kerluke, Jacobs and Wisozk",Thymelaea,Thymelaea Mill.,Renée,4486,Danièle,8380
Bashirian-Kovacek,Drummond Moss,Drummondia Hook. ex Drumm.,Maïlis,1490,Athéna,8356
Cummerata and Sons,Wart Lichen,Porina salicina Müll. Arg.,Clémentine,9034,Dorothée,8054
Reichert-McLaughlin,Cuero De Sapo,Ilex obcordata Sw.,Anaël,1539,Aí,2724
"Wisozk, Daniel and Lang",Woodland Strawberry,Fragaria vesca L. ssp. vesca,Mélanie,1130,Angélique,3330
Rippin Group,Siskiyou Bedstraw,Galium ambiguum W. Wight ssp. siskiyouense (Ferris) Dempster & Stebbins,Mélodie,5380,Méng,6517
Herzog and Sons,Trailing Windmills,Allionia incarnata L. var. villosa (Standl.) B.L. Turner,Vérane,1281,Erwéi,4568
Wunsch-Boyle,Torrid Rim Lichen,Lecanora torrida Vain.,Publicité,5167,Frédérique,8777
"Nikolaus, Morissette and Tillman",Hall's Rinodina Lichen,Rinodina hallii Tuck.,Clélia,722,Régine,2369
Spencer LLC,Thatching Grass,Hyparrhenia hirta (L.) Stapf,Simplifiés,1914,Måns,8625
Hane Inc,Dicranodontium Moss,Dicranodontium Bruch & Schimp.,Björn,2150,Fèi,5595
"Zboncak, Bergnaum and Monahan",Treecotton,Kokia Lewt.,Östen,3687,Marie-noël,9908
"Yost, Lebsack and Green",Fernald's Northern Rockcress,Braya fernaldii Abbe,Bérengère,3113,Edmée,4282
Mayert-D'Amore,Hairy Purslane Speedwell,Veronica peregrina L. ssp. xalapensis (Kunth) Pennell,Eloïse,2802,Mégane,300
Wilderman Group,Lemon Beebalm,Monarda citriodora Cerv. ex Lag. ssp. citriodora var. citriodora,Méline,1592,Pò,3543
Satterfield-Hagenes,Threetooth Blazingstar,Mentzelia tridentata (Davidson) H.J. Thomp. & Roberts,Edmée,3312,Océane,2566
"Gutmann, Pagac and Cassin",Rim Lichen,Lecanora caesiorubella Ach. ssp. saximontana Imshaug & Brodo,Mahélie,9537,Marie-ève,5226
Johns Inc,Tangor,Citrus nobilis Lour.,Maëlys,5867,Marylène,9160
Botsford-Boehm,Silvergrass,Miscanthus Andersson,Géraldine,4457,Aimée,4875
Nikolaus-Grant,Needle's Buckwheat,Eriogonum breedlovei (J.T. Howell) Reveal var. shevockii J.T. Howell,Thérèsa,4358,Angèle,4856
Jenkins-Hayes,Sand Palafox,Palafoxia hookeriana Torr. & A. Gray,Laïla,1416,Nélie,7835
"Wisoky, Schmidt and Wiza",Wright's Globemallow,Sphaeralcea wrightii A. Gray,Erwéi,1361,Yè,5388
"Bernier, Fay and Rohan",Tube Lichen,Hypogymnia pulverata (Nyl. ex Crombie) Elix,Cinéma,1651,Eléonore,3919
Hyatt-Farrell,Greater Yellowspike Orchid,Polystachya concreta (Jacq.) Garay & H.R. Sweet,Pélagie,1025,Mylène,9975
MacGyver LLC,Huuskonen's Phacopsis Lichen,Phacopsis huuskonenii Rasanen,Salomé,6552,Mà,4823
"Kling, Kozey and McKenzie",Hala Pepe,Pleomele Salisb.,Séréna,9908,Joséphine,9232
Pollich-Davis,Siskiyou Splashzone Moss,Scouleria siskiyouensis Shevock & D.H. Norris,Lauréna,4763,Athéna,5454
Cassin-Torp,House Range Primrose,Primula cusickiana (A. Gray) A. Gray var. domensis (Kass & S.L. Welsh) N.H. Holmgren & S. Kelso,Océanne,272,Håkan,130
Trantow Inc,Santa Rita Mountain Draba,Draba petrophila Greene var. petrophila,Danièle,3588,Pål,5194
"Graham, Hilll and Abernathy",Prairie Junegrass,Koeleria macrantha (Ledeb.) Schult.,Intéressant,9670,Océane,9393
"Daugherty, Shanahan and Boyer",Largeleaf Lupine,Lupinus burkei S. Watson ssp. caeruleomontanus D. Dunn & Cox,Laurène,6858,Aurélie,2502
"Reichel, Schmidt and Raynor",Beavertail Pricklypear,Opuntia basilaris Engelm. & J.M. Bigelow var. longiareolata (Clover & Jotter) L.D. Benson,Salomé,3844,Françoise,1763
Casper-Stanton,Wavyleaf Soap Plant,Chlorogalum pomeridianum (DC.) Kunth var. pomeridianum,Maëlle,4612,Médiamass,4439
Emmerich Inc,Muttongrass,Poa fendleriana (Steud.) Vasey ssp. fendleriana,Kuí,2641,Mélissandre,3337
"Spencer, Kovacek and Barrows",Puerto Rico Silver Palm,Coccothrinax barbadensis (Lodd. ex Mart.) Becc.,Hélèna,9185,Lén,389
Shields Inc,Bulbous Adderstongue,Ophioglossum crotalophoroides Walter var. crotalophoroides,Océane,7986,Almérinda,3040
Rutherford and Sons,Annual Townsend Daisy,Townsendia annua Beaman,Célia,2034,Mélys,8345
Cartwright-Sanford,Yellow Moosedung Moss,Splachnum luteum Hedw.,Cléa,9028,Célia,1843
Howell-Grimes,Cochise Scaly Cloakfern,Astrolepis cochisensis (Goodding) Benham & Windham ssp. cochisensis,Thérèse,6959,Alizée,5968
"Borer, Feil and Bernhard",Disc Mayweed,Matricaria discoidea DC.,Clémence,232,Léonore,9401
Bashirian Inc,Aleutian Draba,Draba aleutica Ekman ex Hultén,Andrée,7191,Salomé,9931
Yost-Prosacco,Mountain Ball Cactus,Pediocactus simpsonii (Engelm.) Britton & Rose var. robustior (J.M. Coult.) L.D. Benson,Mélys,8259,Hélèna,3551
Schroeder-Purdy,Sisal Hemp,Agave sisalana Perrine,Josée,4889,Pénélope,8607
"Hilll, McLaughlin and Willms",Bletilla,Bletilla Rchb. f.,Cléopatre,5559,Méline,3612
"Konopelski, Donnelly and Monahan",Small Wirelettuce,Stephanomeria exigua Nutt.,Vérane,6151,Táng,5778
Lubowitz-Kassulke,Lecidella Lichen,Lecidella viridans (Flotow) Körb.,Anaëlle,1081,Maïwenn,2625
Baumbach-Mertz,Cyme Rose,Rosa indica L.,Lyséa,2880,Danièle,6481
O'Connell LLC,English Holly,Ilex aquifolium L.,Céline,1400,Anaëlle,6031
Yundt-Schneider,Cockshead Sainfoin,Onobrychis caput-galli (L.) Lam.,Adélaïde,8777,Renée,1149
Kuhlman and Sons,Ormosia,Ormosia Jacks.,Noëlla,7498,Maïwenn,5855
Reilly and Sons,Memorial Rose,Rosa wichuraiana Crép.,Mélissandre,8242,Mårten,2619
Schumm and Sons,Glade Fern,Diplazium pycnocarpon (Spreng.) Broun,Mégane,8820,Frédérique,6969
Ward-Veum,Bur Pincushionplant,Navarretia prolifera Greene ssp. prolifera,Judicaël,442,Tú,5028
Goodwin-Schulist,Robison's Monardella,Monardella robisonii Epling ex Munz,Eléa,2407,Adélie,9487
"Auer, Mayert and Lueilwitz",Santa Fe Phlox,Phlox nana Nutt.,Alizée,747,Håkan,920
Metz-Trantow,False Sowthistle,Reichardia tingitana (L.) Roth,Sélène,8662,Andréa,7083
Goodwin-Kub,Tree Poppy,Dendromecon Benth.,Alizée,3489,Lauréna,3672
Turner-Hilll,Beckwith's Milkvetch,Astragalus beckwithii Torr. & A. Gray,Yú,2534,Joséphine,1333
Senger-Waelchi,Bastardsage,Eriogonum wrightii Torr. ex Benth. var. trachygonum (Torr. ex Benth.) Jeps.,Desirée,3042,Maëlle,2776
Heidenreich and Sons,Whorled Wood Aster,Oclemena acuminata (Michx.) Greene,Almérinda,1083,Régine,3620
Bode-Braun,Sea-onion,Oncostema verna (Huds.) Speta,Nuó,9183,Rachèle,4447
Conn-Turcotte,Madwort,Alyssum L.,Céline,3025,Lyséa,2265
Little-Leuschke,Koholapehu,Dubautia latifolia (A. Gray) D.D. Keck,Aurélie,2884,Joséphine,2008
Torp LLC,Boldingh's Dodder,Cuscuta boldinghii Urb.,Célestine,8220,Frédérique,9176
"Morar, Williamson and Swift",Plumeweed,Carminatia tenuiflora DC.,Desirée,4773,Athéna,4256
Dach Inc,Kauai Remya,Remya kauaiensis Hillebr.,Danièle,2091,Géraldine,3335
"Thompson, Rice and Beier",Coulter's Matilija Poppy,Romneya coulteri Harv.,Styrbjörn,6343,Gaëlle,9857
Frami-Mohr,Carribean Island Spikesedge,Kyllinga vaginata Lam.,Gaïa,3911,Solène,1750
Hansen LLC,Vestergrenopsis Lichen,Vestergrenopsis isidiata (Degel.) E. Dahl,Anaé,6209,Kuí,2114
"Feeney, Lowe and Renner",Fall Goldenrod,Solidago simulans Fernald,Amélie,1318,Léane,7742
Gleichner-McLaughlin,Sonoran Thoroughwort,Fleischmannia sonorae (A. Gray) R.M. King & H. Rob.,Athéna,4682,Réservés,6632
"Mosciski, Spinka and Hessel",Woodland Lettuce,Lactuca floridana (L.) Gaertn. var. floridana,Simplifiés,3601,Athéna,1261
"Sipes, Lowe and Brakus",Fowlsfoot,Serjania diversifolia (Jacq.) Radlk.,Irène,2544,Léa,7235
Jaskolski and Sons,Tinytim,Geocarpon minimum Mack.,Måns,2926,Estève,9714
Ebert-Schinner,Arroyo Willow,Salix lasiolepis Benth.,Maïlys,8283,Joséphine,7694
Weimann and Sons,Convex Entosthodon Moss,Entosthodon planoconvexus (E.B. Bartram) Grout,Géraldine,7700,Cinéma,6337
Steuber-Larkin,Largeflower Bellwort,Uvularia grandiflora Sm.,Mélissandre,4957,Méghane,9984
Powlowski-Keeling,Windmill Fringed Gentian,Gentianopsis detonsa (Rottb.) Ma ssp. nesophila (T. Holm) J.S. Pringle,Sélène,3832,Mégane,6774
Runte-Nolan,Sodaapple Nightshade,Solanum aculeastrum Dunal,Lài,8067,Mélodie,9788
Ebert and Sons,Nevada Agave,Agave utahensis Engelm. var. nevadensis Engelm. ex Greenm. & Roush,Maïlis,4854,Lorène,346
Romaguera-Yundt,Missouri Groundcherry,Physalis missouriensis Mack. & Bush,Anaëlle,6749,Maïté,5936
"Casper, Hilpert and Kihn",Dancing-lady Orchid,Oncidium Sw.,Yénora,9753,Estève,4244
Klocko LLC,Kidneyshape Sedge,Carex reniformis (L.H. Bailey) Small,Bérengère,8221,Agnès,1429
Schmidt LLC,Bitterroot Buckwheat,Eriogonum chrysops Rydb.,Görel,7156,Mårten,7963
Okuneva-Harris,Upland Larkspur,Delphinium nuttallii A. Gray,Lorène,9260,Andrée,7426
"Bode, Hand and Waters",Transverse Range Phacelia,Phacelia exilis (A. Gray) G.L. Lee,Börje,5607,Nélie,8065
Schaden and Sons,Fragrant Wandflower,Sparaxis fragrans (Jacq.) Ker Gawl. ssp. grandiflora (D. Delar.) Goldbl.,Thérèse,3273,Anaïs,9922
"Schuster, Monahan and Haley",Herbst's Sedge,Carex wahuensis C.A. Mey. ssp. herbstii T. Koyama,Laurélie,6127,Maïwenn,7281
Mertz-Emmerich,Stinkvine,Paederia foetida L.,Ruì,2543,Néhémie,6090
Abshire LLC,Macata Bourse Bastard,Acacia vogeliana Steud.,Clélia,1456,Célestine,5474
"Hessel, Sporer and Feil",Rattlesnake Plant,Calathea crotalifera S. Watson,Wá,7410,Pål,6956
"Fritsch, Gibson and Baumbach",Big Floatingheart,Nymphoides aquatica (J.F. Gmel.) Kuntze,Kù,1043,Eléa,4781
"Dach, Jacobson and Fadel",Millet Beaksedge,Rhynchospora miliacea (Lam.) A. Gray,Daphnée,481,Eugénie,4190
"Champlin, Boyer and Huel",Thelomma Lichen,Thelomma ocellatum (Körb.) Tibell,Maéna,7407,Marie-françoise,316
West-Ebert,West Indian Bristlegrass,Setaria setosa (Sw.) P. Beauv. var. leiophylla (Nees) Arechav.,Valérie,5037,Aloïs,4802
"Johns, Padberg and Schmidt",Tortula Moss,Tortula muralis Hedw.,Magdalène,4625,Lauréna,8500
"O'Hara, Robel and Thompson",Torrey's Melicgrass,Melica torreyana Scribn.,Eléonore,9545,Dù,7229
"Lang, Stark and Block",Hualalai Hau Kuahiwi,Hibiscadelphus hualalaiensis Rock,Östen,6681,Réservés,7568
"Bins, Stracke and Kunde",Shasta Owl's-clover,Orthocarpus pachystachyus A. Gray,Léa,1773,Adélie,8967
Ratke-Oberbrunner,Threepetal Bedstraw,Galium trifidum L. ssp. columbianum (Rydb.) Hultén,Gaïa,1637,Irène,1301
Abbott-Batz,Southwestern Bedstraw,Galium virgatum Nutt.,Gérald,5726,Ruì,7070
Grant-Fisher,Savannah Fanpetals,Sida aggregata C. Presl,Almérinda,341,Néhémie,7075
Nikolaus-Braun,Tucson Mountain Spiderling,Boerhavia megaptera Standl.,Cléopatre,9122,Zhì,3115
Spinka-Balistreri,Hillside False Bindweed,Calystegia subacaulis Hook. & Arn. ssp. subacaulis,Pò,2476,Géraldine,7288
"Rodriguez, Durgan and Feeney",Tall Oatgrass,Arrhenatherum elatius (L.) P. Beauv. ex J. Presl & C. Presl var. elatius,Réservés,170,Lén,1715
Mante LLC,Bugloss,Anchusa L.,Göran,5574,Lyséa,4171
Paucek-Yost,Disc Lichen,Buellia curatellae Malme,Lyséa,5943,Méthode,7661
"Rempel, Gulgowski and Purdy",Bulbous Adderstongue,Ophioglossum crotalophoroides Walter,Maïlis,3947,Gérald,9716
"Flatley, Marks and Leannon",Pringle's Prairie Clover,Dalea pringlei A. Gray,Aimée,6673,Gwenaëlle,6151
"Jacobi, Bahringer and Thiel",Milk Kelloggia,Kelloggia galioides Torr.,Bécassine,8305,Wá,1733
Heaney-Farrell,Water Birch,Betula occidentalis Hook.,Pénélope,7186,Séverine,5333
"Kshlerin, Romaguera and Wehner",Pussytoes,Antennaria ×foliacea Greene (pro sp.),Athéna,9853,Maëly,9516
"Roob, Gulgowski and Bartell",Broom Silverbush,Argythamnia fasciculata (Vahl ex A. Juss.) Müll. Arg.,Gösta,7599,Daphnée,4144
Douglas LLC,Devil's Blacksnakeroot,Sanicula saxatilis Greene,Håkan,8724,Gérald,2699
"Hermiston, Greenholt and Hyatt",California Pore Lichen,Pertusaria californica Dibben,Stéphanie,1443,Méline,4977
Keeling Group,Annona,Annona L.,Almérinda,7617,Thérèse,9270
"Stiedemann, Gerlach and Schinner",Osage-orange,Maclura pomifera (Raf.) C.K. Schneid.,Marlène,9339,Pélagie,444
Marvin LLC,Porsild's Bluegrass,Poa porsildii Gjaerev.,Anaïs,2903,Annotée,1137
Zemlak Group,Berteron's Rattlebox,Crotalaria berteriana DC.,Angèle,2409,Lucrèce,3062
"Raynor, Stiedemann and Schoen",Proctor's Staggerbush,Lyonia truncata Urb. var. proctorii W.S. Judd,Kuí,2623,Noémie,9548
"Schuppe, Watsica and Stark",Dwarf Polypody,Grammitis Sw.,Jú,8485,Estève,2451
"Herman, Schumm and Cassin",Earleaf False Foxglove,Agalinis auriculata (Michx.) S.F. Blake,Gisèle,6401,Mårten,6023
Volkman Group,Hippo Grass,Vossia cuspidata Griff.,Börje,7322,Cécile,5823
Thiel-Rutherford,Shingleplant,Marcgravia sintenisii Urb.,Solène,4258,Véronique,6335
Senger and Sons,Sand Sedge,Carex perdentata S.D. Jones,Maï,7766,Lén,5925
Zulauf and Sons,Forest Scurfpea,Rupertia physodes (Douglas ex Hook.) J. Grimes,Illustrée,3366,Liè,1843
"Fadel, Reichert and Muller",Largebract Spiderling,Boerhavia wrightii A. Gray,Kévina,2451,Tú,8817
"Little, Cruickshank and Botsford",Dwarf Huckleberry,Gaylussacia dumosa (Andrews) Torr. & A. Gray,Maëlla,7361,Nadège,4425
Jenkins-Jast,Bowl Lichen,Psoroma Michx.,Dù,644,Régine,8615
Emmerich-Balistreri,Sapota,Sapota Mill.,Illustrée,6431,Esbjörn,1237
"Rau, Kautzer and Farrell",Woodoats,Chasmanthium Link,Maïté,7980,Athéna,9264
"Murray, Lesch and Armstrong",Purple Needlegrass,Triraphis mollis R. Br.,Naéva,3306,Célestine,774
Pagac-Casper,Bluebill,Clematis pitcheri Torr. & A. Gray,Léane,4490,Naéva,3435
Watsica Group,Rusty Lupine,Lupinus pusillus Pursh ssp. rubens (Rydb.) D. Dunn,Yóu,1824,Angèle,8688
Davis-O'Hara,Springblossom,Jaborosa integrifolia Lam.,Alizée,2606,Céline,4698
Johns-Heaney,Fleshy Starwort,Stellaria crassifolia Ehrh. var. eriocalycina Schischkin,Aloïs,259,Bécassine,9596
Koch LLC,Mountain Fly Honeysuckle,Lonicera villosa (Michx.) Schult.,Lyséa,4404,Mélodie,3199
Koepp-Orn,Stalkless Yellowcress,Rorippa sessiliflora (Nutt.) Hitchc.,Naéva,6963,Liè,9847
Bednar-Swift,Lavender Cotton,Santolina chamaecyparissus L.,Naëlle,9749,Hélène,2812
Haley-Wiegand,Kirschsteiniothelia Lichen,Kirschsteiniothelia D. Hawksw.,Hélène,5875,Mahélie,851
Price-O'Keefe,Cup Lichen,Cladonia leporina Fr.,Eléonore,1584,Anaé,9858
"Torphy, Hoppe and Leannon",San Diego Spineflower,Chorizanthe orcuttiana Parry,Dù,9623,Adélie,9367
"Connelly, Ratke and Powlowski",Smallhead Tetramolopium,Tetramolopium conyzoides (A. Gray) Hillebr.,Noémie,1567,Lèi,7678
Emard Inc,Engelmann's Aster,Eucephalus engelmannii (D.C. Eaton) Greene,Laurélie,9800,Stévina,1714
"Dietrich, Lubowitz and Lowe",Prestoea,Prestoea Hook. f.,Loïs,2247,Kuí,3049
"Breitenberg, Stehr and Kunze",Magellan's Sphagnum,Sphagnum magellanicum Brid.,Audréanne,3375,Bérénice,6002
O'Kon Group,Sicklefruit Fenugreek,Trigonella foenum-graecum L.,Yè,4747,Åsa,6306
"Goldner, Schowalter and Huel",Egret Mudplantain,Heteranthera peduncularis Benth.,Håkan,2480,Måns,8051
Stiedemann LLC,Darkthroat Shootingstar,Dodecatheon pulchellum (Raf.) Merr.,Åslög,7171,Hélène,3569
Mraz Group,Palmer Ceanothus,Ceanothus palmeri Trel.,Adèle,5811,Aí,7667
Kirlin LLC,Veatch's Dodder,Cuscuta veatchii Brandegee,Réjane,5640,Simplifiés,3845
Wolff-Zieme,Bountiful Hawthorn,Crataegus alma Beadle,Adèle,3504,Cléa,273
Okuneva-Lowe,Porter's Reedgrass,Calamagrostis porteri A. Gray,Méng,5703,Joséphine,5469
Boyle-Krajcik,Redtwig Doghobble,Eubotrys recurvus (Buckley) Britton,Mélinda,586,Béatrice,9605
Gleichner-Abshire,Nineleaf Biscuitroot,Lomatium triternatum (Pursh) J.M. Coult. & Rose var. macrocarpum (J.M. Coult. & Rose) Mathias,Pélagie,5061,Gisèle,9059
"Mertz, Kreiger and Lemke",Schistostega Moss,Schistostega pennata (Hedw.) F. Weber & D. Mohr.,Célia,9502,Réjane,5796
"Morissette, Jerde and Rolfson",Northern False Coolwort,Bolandra oregana S. Watson,Bérénice,8785,Maïlis,8944
Medhurst and Sons,Hemlock Dwarf Mistletoe,Arceuthobium tsugense (Rosend.) G.N. Jones ssp. tsugense,Céline,238,Maïly,9678
Donnelly-Kreiger,Euryops,Euryops (Cass.) Cass.,Annotée,6052,Dafnée,5701
"Reichel, Moen and Sawayn",Pacific Anemone,Anemone multifida Poir. var. tetonensis (Porter ex Britton) C.L. Hitchc.,Vérane,5810,Gösta,4342
Raynor Group,Fineleaf Hymenopappus,Hymenopappus filifolius Hook. var. luteus (Nutt.) B.L. Turner,Tú,464,Zhì,9733
Kulas-Medhurst,Little Ricegrass,"Piptatheropsis exigua (Thurb.) Romasch., P.M. Peterson & R.J. Soreng",Méthode,5223,Ophélie,7129
"Erdman, Lemke and Fahey",Portia Tree,Thespesia populnea (L.) Sol. ex Corrêa,Célestine,7407,Östen,5618
"Mraz, Larson and Hand",Awnpetal Meadowbeauty,Rhexia aristosa Britton,Maëlla,8993,Anaëlle,6013
"Pfannerstill, Schoen and Howell",Pleated Gentian,Gentiana affinis Griseb.,Crééz,7213,Eléa,1080
Aufderhar Inc,California Strawberry,Fragaria vesca L. ssp. californica (Cham. & Schltdl.) Staudt,Irène,9271,Mélissandre,2592
Hagenes-Hintz,Falfurrias Milkvine,Matelea radiata Correll,Clélia,6963,Léonore,8681
"Hansen, Cummings and Shanahan",Heller's Beardtongue,Penstemon triflorus A. Heller,Laurène,7497,Östen,2042
"Homenick, Thiel and Mohr",Amazon Canoparmelia Lichen,Canoparmelia amazonica (Nyl.) Elix & Hale,Marie-thérèse,2757,Zhì,3228
Pouros Inc,Silver Lupine,Lupinus albifrons Benth.,Audréanne,8570,Thérèse,9608
Pollich and Sons,Giant Shield Lichen,Cetrelia monachorum (Zahlbr.) W.L. Culb. & C.F. Culb.,Mahélie,9763,Océanne,180
Spinka LLC,Soldierbush,Tournefortia L.,Thérèse,8362,Aurélie,3081
Jerde-Hackett,Clubmoss Mousetail,Ivesia lycopodioides A. Gray ssp. lycopodioides,Géraldine,5466,Andréanne,8401
"Anderson, Tremblay and Lubowitz",Threepetal Bedstraw,Galium trifidum L. ssp. trifidum,Méline,2422,Gaïa,4960
"Klein, Kshlerin and Schoen",Sweetflower Rockjasmine,Androsace chamaejasme Wulfen,Noëlla,5087,Edmée,7713
"Cassin, Deckow and Wolff",Ortegon,Coccoloba rugosa Desf.,Loïc,7200,Mélys,4563
Carroll and Sons,Pumice Alpinegold,Hulsea vestita A. Gray,Béatrice,7488,Méng,253
"Zulauf, Friesen and Flatley",Clovenlip Toadflax,Linaria bipartita (Vent.) Willd.,Rébecca,6614,Desirée,2453
Dicki Group,Indian Long Pepper,Piper longum L.,Dafnée,2422,Fèi,8796
Hegmann LLC,Evermann's Pincushion,Chaenactis evermannii Greene,Adèle,4695,Gösta,6816
Macejkovic-West,Mountain Monardella,Monardella odoratissima Benth.,Noëlla,1964,Åsa,756
Johns and Sons,Callaeum,Callaeum Small,Naéva,4226,Marie-françoise,3330
"Effertz, Cartwright and Rutherford",San Diego Wild Cabbage,Caulanthus heterophyllus (Nutt.) Payson,Rachèle,9560,Marie-josée,7623
Hodkiewicz-Farrell,Altai Wildrye,Leymus angustus (Trin.) Pilg.,Michèle,7891,Dorothée,2205
"Prosacco, Kuhn and Gaylord",Corchorus,Corchorus L.,Östen,401,Simplifiés,7951
Turner-Rau,Perennial Pea,Lathyrus latifolius L.,Andréanne,8414,Fèi,9753
"Schiller, Streich and Williamson",Russian Milkvetch,Astragalus falcatus Lam.,Pénélope,514,Françoise,3416
Borer Group,Clibadium,Clibadium L.,Desirée,195,Agnès,6167
Mueller LLC,Pinon,Tillandsia lineatispica Mez,Annotés,9744,Amélie,2167
Schamberger LLC,South African Oatgrass,Karroochloa purpurea (L. f.) Conert & Türpe,Dà,4472,Desirée,9506
Lang and Sons,Rugose Rim Lichen,Lecanora rugosella Zahlbr.,Laurène,1602,Almérinda,683
Waters-Cronin,Rusty Lupine,Lupinus pusillus Pursh,Maï,7560,Océanne,8667
"Mueller, Price and Kunde",Carolina Maronea Lichen,Maronea carolinae H. Magn.,Lyséa,9350,Josée,3826
Lubowitz LLC,Nightshade,Solanum ferox L.,Marylène,1251,Hélèna,1969
"Mayert, Bode and Bashirian",California Dandelion,Taraxacum californicum Munz & I.M. Johnst.,Maëlyss,9993,Céline,8276
Cummings-Skiles,Cup Lichen,Cladonia P. Browne,Mélissandre,9622,Desirée,1214
Cremin-Christiansen,Mistletoe Cactus,Rhipsalis baccifera (Sol. ex J.S. Muell.) Stearn,Loïs,1928,Uò,273
"Ward, Douglas and Ebert",Mullein,Verbascum ×spurium K. Koch,Åke,417,Eliès,2816
"Doyle, Zieme and Hettinger",Baker's Goldfields,Lasthenia californica DC. ex Lindl. ssp. bakeri (J.T. Howell) R. Chan,Pélagie,9587,Maëlle,4310
Predovic-Hackett,Munnik Fescue,Festuca scabra Vahl,Lóng,6350,Uò,330
Gutmann and Sons,Alkali Goldenbush,Isocoma acradenia (Greene) Greene var. bracteosa (Greene) G.L. Nesom,Dorothée,3666,Léane,9720
"Rodriguez, Medhurst and Bode",Teramnus,Teramnus P. Br.,Mårten,9356,Salomé,2174
"Fritsch, Lesch and Nienow",Solidstem Burnet Saxifrage,Pimpinella saxifraga L. ssp. saxifraga,Laurélie,2652,Françoise,4047
Kihn LLC,Woolly Breeches,Amsinckia spectabilis Fisch. & C.A. Mey.,Mélia,4841,Séverine,1596
"Bogan, Wolff and Dooley",Wetherill's Buckwheat,Eriogonum wetherillii Eastw.,Personnalisée,2119,Valérie,9292
"Jacobson, Krajcik and Schaefer",Waterhyssop,Bacopa procumbens (Mill.) Greenman,Garçon,2230,Lyséa,2154
Barton-Conroy,Oblongleaf Orache,Atriplex oblongifolia Waldst. & Kit.,Maïlis,6186,Cloé,748
Little-Ledner,Mojave Sand Verbena,Abronia pogonantha Heimerl,Marie-josée,294,Naëlle,9558
Prohaska-Zieme,Lemmon's Willow,Salix lemmonii Bebb,Alizée,1095,Gaétane,1062
Howe Group,Spinecape,Goodmania Reveal & Ertter,Méghane,1306,Michèle,9845
Schneider-Klein,Mexican Mudplantain,Heteranthera mexicana S. Watson,Noémie,7213,Maéna,721
Wunsch Inc,Desmatodon Moss,Desmatodon leucostoma (R. Br.) Berggr.,Personnalisée,4608,Personnalisée,1431
"Kihn, Marvin and Leannon",Ladies'-tresses,Mesadenus Schltr.,Thérèse,519,Göran,9466
Hauck LLC,Mountain Threadplant,Nemacladus montanus Greene,Anaé,199,Aí,2122
"Watsica, Hyatt and Dooley",Chinquapin Oak,Quercus muehlenbergii Engelm.,Maïlys,3701,Styrbjörn,1484
Schaefer Group,Stonecrop Gilia,Aliciella sedifolia (Brandegee) J.M. Porter,Björn,7604,Judicaël,120
"Schmeler, Nikolaus and Towne",Tinker's Penny,Hypericum anagalloides Cham. & Schltdl.,Tú,2486,Eliès,4667
Murphy-Lesch,Winged Flax,Linum alatum (Small) Winkl.,Régine,6852,Maïlys,5435
Smith LLC,Oregon Checkerbloom,Sidalcea oregana (Nutt. ex Torr. & A. Gray) A. Gray,Östen,8912,Lorène,9316
Kirlin Inc,Leichardt-bean,Cassia brewsteri (F. Muell.) F. Muell. ex Benth.,Françoise,3298,Yénora,5300
Leuschke-Pacocha,Red Valerian,Centranthus ruber (L.) DC.,Félicie,371,Estève,5197
Beahan and Sons,Xylographa Lichen,Xylographa (Fr.) Fr.,Méng,6659,Simplifiés,3865
Hintz-Hodkiewicz,Jesup's Milkvetch,Astragalus robbinsii (Oakes) A. Gray var. jesupii Eggl. & Sheldon,Märta,7816,Léana,2673
"Boyle, Bogisich and Lynch",John Charles,Hyptis verticillata Jacq.,Mylène,4754,Séréna,1588
"Rempel, Schroeder and Wehner",Carolina Larkspur,Delphinium carolinianum Walter,Maëlle,7394,Maëlyss,5939
Berge-Kautzer,Tacky Goldenweed,Pyrrocoma hirta (A. Gray) Greene var. lanulosa (Greene) Mayes ex G. Brown & Keil,Béatrice,6632,Mélia,2952
"Lubowitz, Frami and Kassulke",Canadian Ricegrass,"Piptatheropsis canadensis (Poir.) Romasch., P.M. Peterson & R.J. Soreng",Maïté,7948,Andrée,7948
"Fay, Dickens and Bartoletti",Brachythecium Moss,Brachythecium oxycladon (Brid.) A. Jaeger,Angèle,9820,Mélissandre,1497
Powlowski-Sanford,Tall False Foxglove,Agalinis aspera (Douglas ex Benth.) Britton,Maëlyss,5381,Bérénice,6748
"Terry, Kutch and Larson",Humboldt Lily,Lilium humboldtii Roezl & Leichtlin ex Duch.,Mà,5369,Maïlys,7759
Deckow-Rempel,Puntaj Jayuya,Chione seminervis Urb. & Ekman,Méghane,7666,Laurène,5372
Boyle LLC,Giant Spiderwort,Tradescantia gigantea Rose,Maéna,9795,Amélie,2716
Schimmel-Bahringer,Fierce Spaniard,Aciphylla ferox W.R.B. Oliv.,Stévina,5600,Crééz,1781
Tillman-Gorczany,Orange Wall Lichen,Xanthoria fallax (Hepp) Arnold,Dù,3337,Anaé,4797
Block Group,Mexican Blue Oak,Quercus oblongifolia Torr.,Wá,5814,Björn,6298
"Koelpin, Boyle and Conroy",Hybrid Rose,Rosa ×palustriformis Rydb. (pro sp.),Desirée,8474,Lorène,2371
King-Weimann,Blueberry,Vaccinium ×carolinianum Ashe (pro sp.),Médiamass,2252,Kuí,975
Shields and Sons,Sierra Valley Evening Primrose,Camissonia tanacetifolia (Torr. & A. Gray) P.H. Raven ssp. quadriperforata P.H. Raven,Valérie,2963,Eloïse,342
"Barton, Hane and Stokes",Hawthorn,Crataegus ×simulata Sarg.,Clélia,5646,Adèle,1421
Moen-Pollich,Wretched Sedge,Carex misera Buckley,Cécile,5393,Liè,5172
"Harris, Bernier and Boehm",Pacific Willow,Salix lucida Muhl. ssp. lasiandra (Benth.) A.E. Murray,Ruò,9066,Gisèle,6442
Corkery Group,Reversed Clover,Trifolium resupinatum L.,Pål,2745,Aimée,1919
"Reilly, Schowalter and Schulist",Island Blackberry,Rubus insulanus L.H. Bailey,Réjane,6516,Bérénice,3985
"Paucek, Wisozk and Kassulke",Braun's Hollyfern,Polystichum braunii (Spenner) Fée,Néhémie,4315,Léonie,4906
Hyatt Inc,Bariaco,Trichilia triacantha Urb.,Stéphanie,5879,Aí,9936
"Kohler, Heller and West",Svenson's Beggarticks,Bidens hyperborea Greene var. svensonii Fassett,Maïté,866,Célestine,2928
Ledner-Kunze,Seaside Heliotrope,Heliotropium curassavicum L. var. oculatum (A. Heller) I.M. Johnst.,Renée,8370,Néhémie,8240
"Parker, Kshlerin and Feest",Spoonshape Barbara's Buttons,Marshallia obovata (Walter) Beadle & F.E. Boynt. var. obovata,Tú,3558,Adélie,3776
"Johns, Ziemann and Heaney",Apache Dwarf Mistletoe,Arceuthobium apachecum Hawksw. & Wiens,Mahélie,6625,Tú,9654
"Jerde, Upton and Mitchell",Needleleaf Bluet,Houstonia acerosa (A. Gray) A. Gray ex Benth. & Hook. f. var. polypremoides (A. Gray) Terrell,Angélique,1251,Zoé,7993
Zemlak-Orn,Wavyleaf Snakeherb,Dyschoriste crenulata Kobuski,Loïs,807,Béatrice,3481
Heaney and Sons,Large-flower Hop Clover,Trifolium grandiflorum Schreb.,Maéna,1955,Yóu,6909
Gerlach-Tremblay,Meadow Pea,Lathyrus pratensis L.,Örjan,5137,Maëline,3200
Ratke LLC,Curly Dock,Rumex crispus L.,Inès,5247,Méthode,3728
Farrell Group,Arkansas Ironweed,Vernonia arkansana DC.,Méryl,9117,Örjan,7398
Kohler-Legros,Aponogeton,Aponogeton L. f.,Alizée,4797,Maëlla,2265
Crooks LLC,Burmese Lacquer,Melanorrhoea usitata Wall.,Léa,9976,Ráo,8652
"Carter, Kessler and Hammes",Amansa Guapo,Savia sessiliflora (Sw.) Willd.,Garçon,8094,Marylène,9168
"Wehner, Veum and Windler",Okie Bean,Dipogon lignosus (L.) Verdc.,Nuó,5389,Almérinda,3952
"Langworth, Mitchell and Kutch",Sierra Blanca Least-daisy,Ionactis elegans (Soreng & Spellenb.) G.L. Nesom,Crééz,1160,Marie-josée,9655
"Schaden, Wuckert and Strosin",Hoary Manzanita,Arctostaphylos canescens Eastw. ssp. canescens,Göran,9374,Maïlis,8288
DuBuque-Stamm,Cylinder Jointtail Grass,Coelorachis cylindrica (Michx.) Nash,Naéva,4839,Maëlann,1314
O'Connell-Armstrong,San Francisco Woodland-star,Lithophragma affine A. Gray ssp. affine,Dorothée,7527,Eléonore,2089
"Schimmel, Monahan and Collier",Ontario Dicranum Moss,Dicranum ontariense Peters.,Andréa,1192,Görel,392
"Kozey, Metz and Ratke",Peltula Lichen,Peltula placodizans (Zahlbr.) Wetmore,Torbjörn,3639,Zoé,9473
Hayes-Quigley,West Indian Spleenwort,Asplenium pteropus Kaulf.,Léonore,2824,Maëlys,7531
Powlowski-Kub,Henbane,Hyoscyamus muticus L.,Ruì,7438,Maïlis,1710
Bode-Koch,Perennial Cornflower,Centaurea montana L.,Maï,2938,Desirée,2470
"Kozey, Rice and Gutkowski",Stolon Sandwort,Minuartia stolonifera T.W. Nelson & J.P. Nelson,Andréa,994,Bénédicte,8144
Wilderman-Frami,Fastigiate Mouse-ear Chickweed,Cerastium fastigiatum Greene,Séréna,2938,Marylène,7392
"Lueilwitz, Huel and Considine",Desertbroom,Baccharis sarothroides A. Gray,Andrée,1392,Simplifiés,6042
"Bergnaum, Streich and Dickinson",Rape,Brassica napus L.,Dà,4063,Mélina,1966
Kuhic Inc,Largeseed Forget-me-not,Myosotis macrosperma Engelm.,Magdalène,3593,Noëlla,8973
Barrows-Lebsack,Nootka Rose,Rosa nutkana C. Presl var. setosa G.N. Jones,Mén,8363,Mélia,2837
"Considine, Kerluke and Simonis",Rustyseed Paspalum,Paspalum langei (Fourn.) Nash,Annotés,7522,Loïca,8592
"Vandervort, Wilderman and Orn",Indian Long Pepper,Piper longum L.,Anaïs,6423,Thérèsa,7507
King and Sons,Montezuma Bald Cypress,Taxodium mucronatum Ten.,Judicaël,2942,Lorène,7652
Hettinger Inc,Rosette Lichen,Physcia pseudospeciosa J.W. Thomson,Méng,414,Ruò,1791
Emard-Considine,Henry Indian Paintbrush,Castilleja parviflora Bong. var. oreopola (Greenm.) Ownbey,Régine,3617,Chloé,5499
Wilderman-Carroll,Littleseed Ricegrass,"Piptatheropsis micrantha (Trin. & Rupr.) Romasch., P.M. Peterson & R.J. Soreng",Mélinda,9323,Clémentine,2060
Rolfson-Graham,Pacific Lacefern,Ctenitis squamigera (Hook. & Arn.) Copeland,Françoise,9953,Thérèsa,2520
"Crooks, Friesen and Hand",Heart Of Jesus,Caladium bicolor (Aiton) Vent.,Maëline,7127,Pò,8367
Gleichner and Sons,Zornia,Zornia J.F. Gmel.,Lucrèce,2132,Salomé,4568
Ebert-Hintz,Chapman's Butterwort,Pinguicula planifolia Chapm.,Dafnée,6753,Angélique,6873
"Carroll, Dickens and Zboncak",Saltwater Cress,Thellungiella salsuginea (Pall.) O.E. Schulz,Vénus,7612,Yú,4024
Gutmann Group,Mahua,Madhuca longifolia (J. Konig) J.F. Macbr.,Jú,683,Aí,3893
King Inc,Goat Willow,Salix caprea L.,Gaétane,7348,Mà,4238
Sporer-Stanton,Achlys,Achlys DC.,Danièle,4820,Ophélie,200
"D'Amore, Wolf and Langosh",Tall Skullcap,Scutellaria altissima L.,Marie-hélène,6831,Amélie,6661
Goodwin-Jones,Twobristle Rockdaisy,Perityle bisetosa (Torr. ex A. Gray) Shinners var. appressa A. Powell,Céline,1087,Léana,4105
Swaniawski Inc,Benitoa,Benitoa occidentalis (H.M. Hall) D.D. Keck,Méthode,5224,Maëlyss,5557
"Dickinson, Kuphal and Schulist",Southern Gilia,Saltugilia australis (H. Mason & A.D. Grant) L.A. Johnson,Adélie,4838,Laïla,9303
Denesik-Pollich,Tracy's Clarkia,Clarkia gracilis (Piper) A. Nelson & J.F. Macbr. ssp. tracyi (Jeps.) Abdel-Hamee & R. Snow,Maïwenn,4624,Crééz,9991
"Powlowski, Sauer and Fisher",Pineland Lobelia,Lobelia homophylla E. Wimm.,Léonie,9971,Gaétane,8763
"Schmeler, Herzog and Gleichner",Purple Locoweed,Oxytropis lambertii Pursh var. articulata (Greene) Barneby,Gaëlle,9280,Maëly,9771
Toy-Shields,Henry's Spiderlily,Hymenocallis henryae Traub var. henryae ,Michèle,825,Björn,5051
"O'Reilly, Kuhic and Schneider",Urban Spurge,Euphorbia agraria M. Bieb.,Tú,1900,Alizée,8044
"Parisian, Rosenbaum and Hand",Pondweed,Stuckenia Börner,Océane,5036,Mylène,8667
"Donnelly, Koepp and Koch",Jaynes Canyon Buckwheat,Eriogonum diclinum Reveal,Simplifiés,6349,Laïla,4983
Glover and Sons,Northern St. Johnswort,Hypericum boreale (Britton) E.P. Bicknell,Dà,271,Lauréna,1057
Krajcik LLC,Malheur Penstemon,Penstemon miser A. Gray,Léana,7599,Océanne,8405
Oberbrunner-Blick,Bearded Prairie Clover,Dalea pogonathera A. Gray var. pogonathera,Magdalène,4894,Personnalisée,9266
Balistreri LLC,Bactris Palm,Bactris Jacq. ex Scop.,Naéva,8403,Almérinda,8828
Kunze-Stehr,Walnut,Juglans L.,Magdalène,4135,Görel,4426
"Pouros, Grimes and White",Oakes' Pondweed,Potamogeton oakesianus J.W. Robbins,Maïly,6961,Anaëlle,4452
Weber Inc,Longleaf Camphorweed,Pluchea longifolia Nash,Anaël,6033,Léandre,7586
Rohan-Dickens,Boreal Orange Lichen,Caloplaca borealis (Vain.) Poelt,Maïwenn,5294,Kù,7655
Roberts and Sons,Wright's Silktassel,Garrya wrightii Torr.,Lyséa,3752,Görel,1959
"Stracke, Predovic and Bernier",Orange Wall Lichen,Xanthoria polycarpa (Hoffm.) Rieber,Maéna,394,Faîtes,1894
Breitenberg Inc,Boreal Draba,Draba borealis DC.,Annotée,4037,Maëlla,174
Kemmer LLC,Blackwood,Acacia melanoxylon R. Br.,Joséphine,1203,Loïc,810
Kiehn-Runolfsdottir,Witch's Moneybags,Hylotelephium telephium (L.) H. Ohba ssp. telephium,Mégane,4489,Jú,1327
Langosh-Toy,Catillaria Lichen,Catillaria flavens (Willey) Fink,Lucrèce,3646,Gaëlle,4754
Okuneva-Bauch,Laplacea,Laplacea Kunth,Salomé,210,Jú,7532
Hessel and Sons,Awned Mountainmint,Pycnanthemum setosum Nutt.,Hélèna,5053,Céline,3891
"Strosin, Aufderhar and Bartell",Sunflower,Helianthus ×ambiguus (A. Gray) Britton (pro sp.),Adèle,9219,Ophélie,2614
"Batz, Oberbrunner and Hirthe",Seaside Arrowgrass,Triglochin maritima L.,Pål,8433,Océanne,835
Funk and Sons,Oahu Stenogyne,Stenogyne kanehoana O. Deg. & Sherff,Judicaël,999,Måns,9196
Robel-Ritchie,Beavertail Pricklypear,Opuntia basilaris Engelm. & J.M. Bigelow,Mylène,3822,Maëlys,867
"Marquardt, Leannon and Kozey",Prairie Willow,Salix humilis Marshall,Uò,5008,Cunégonde,1714
"Green, Ritchie and Lueilwitz",Fevertree,Pinckneya bracteata (W. Bartram) Raf.,Maëlle,6346,Marie-josée,1594
Bosco Group,Indianola Beaksedge,Rhynchospora indianolensis Small,Personnalisée,4855,Eléonore,7325
Fahey Inc,West Indian Bristlegrass,Setaria setosa (Sw.) P. Beauv. var. leiophylla (Nees) Arechav.,Maëlys,1877,Félicie,6115
Bosco-Moen,Sessileleaf Scurvygrass,Cochlearia sessilifolia Rollins,Danièle,7967,Annotée,8264
"Leannon, Runte and Hegmann",Sulphur-flower Buckwheat,Eriogonum umbellatum Torr. var. versicolor S. Stokes,Célestine,5712,Loïca,2655
Beer LLC,Mulford's Milkvetch,Astragalus mulfordiae M.E. Jones,Lóng,9134,Eléa,1164
Denesik Inc,Indian Blanket,Gaillardia pulchella Foug. var. australis Turner & M.A. Whalen,Alizée,9073,Liè,8343
"Maggio, Raynor and Heathcote",Longspur Lupine,Lupinus arbustus Douglas ex Lindl. ssp. arbustus var. arbustus,Maëline,5480,Esbjörn,7571
Kautzer LLC,Jaegerina Moss,Jaegerina scariosa (Lor.) Arzeni,Gwenaëlle,8625,Cinéma,8846
White Group,Sierra False Bindweed,Calystegia malacophylla (Greene) Munz ssp. pedicellata (Jeps.) Munz,Åslög,2289,Lauréna,2474
"Cassin, Torphy and Murphy",Oahu Gardenia,Gardenia mannii H. St. John & Kuykend.,Géraldine,3390,Yè,7277
Schroeder-Dietrich,Redflower Currant,Ribes sanguineum Pursh,Lén,9940,Mélissandre,272
Marvin LLC,Snow Lichen,Stereocaulon paschale (L.) Hoffm.,Estève,3073,Esbjörn,3510
Ortiz LLC,Dwarf Stickpea,Calliandra humilis Benth.,Mén,7038,Rébecca,4838
Kuphal and Sons,Acacia,Acacia sophorae (Labill.) R. Br.,Océane,9365,Mélys,6598
Kunde-Kub,Resin Birch,Betula glandulosa Michx.,Crééz,748,Östen,6660
Strosin Inc,Corticifraga Lichen,Corticifraga D. Hawksw. & R. Sant.,Mélanie,4538,Andrée,2914
"Vandervort, Runolfsdottir and Welch",African Feathergrass,Pennisetum macrourum Trin.,Lauréna,1717,Åsa,4834
"Pagac, Donnelly and Okuneva",Woolly Breeches,Amsinckia spectabilis Fisch. & C.A. Mey.,Renée,4679,Maëlla,3395
"Stroman, Stroman and Kuphal",Cactus Apple,Opuntia engelmannii Salm-Dyck ex Engelm. var. engelmannii,Françoise,6646,Cinéma,2602
Breitenberg Inc,Cucamonga Manroot,Marah macrocarpus (Greene) Greene var. major (S.T. Dunn) Stocking,Zhì,9851,Ráo,2457
"McCullough, White and Wiza",Weeping Willow,Salix ×sepulcralis Simonkai,Örjan,2023,Maëlla,1652
Crooks-Lockman,Tropical Dropseed,Sporobolus tenuissimus (Mart. ex Schrank) Kuntze,Torbjörn,8790,Åslög,8814
"Mayert, Jacobi and Mayer",Oregon Timwort,Cicendia quadrangularis (Lam.) Griseb.,Thérèse,5165,Célestine,903
Jacobson-Robel,Creosote Bush,Larrea Cav.,Inès,2354,Clémence,9245
"Parker, Keebler and Pollich",Hooker's Cinquefoil,Potentilla hookeriana Lehm. ssp. chamissonis (Hultén) Hultén,Yénora,1358,Táng,3587
"Donnelly, Pfeffer and Lowe",Rhodora,Rhododendron canadense (L.) Torr.,Táng,8817,Yú,9213
Hodkiewicz-Doyle,Pasture Heliotrope,Heliotropium tenellum (Nutt.) Torr.,Lài,6888,Ráo,7031
Volkman-Buckridge,Norwegian Timmia Moss,Timmia norvegica J.E. Zetterst. var. norvegica,Sélène,1456,Sòng,8631
Hilpert-Aufderhar,New Zealand Flax,Phormium tenax J.R. Forst. & G. Forst.,Faîtes,8159,Marie-françoise,6806
Brown-Marks,Manyseed Goosefoot,Chenopodium polyspermum L.,Lèi,860,Médiamass,379
Larson-Abernathy,Carpobrotus,Carpobrotus N.E. Br.,Gérald,955,Publicité,7410
Weissnat-Ruecker,Bulbil Onion,Allium geyeri S. Watson var. tenerum M.E. Jones,Mélina,2921,Gwenaëlle,7692
Franecki Inc,Apache Milkvetch,Astragalus nutriosensis S.C. Sand.,Åke,1808,Françoise,4425
"Doyle, Blick and Gleason",Soapbush,Clidemia hirta (L.) D. Don,Eugénie,9955,Liè,9856
"Waelchi, VonRueden and O'Conner",Sabine Buttercup,Ranunculus sabinei R. Br.,Zhì,635,Marie-thérèse,6993
Mante Inc,New York Blackberry,Rubus noveboracus L.H. Bailey,Stéphanie,1585,Andréanne,9761
Smith LLC,Pinpoint Clover,Trifolium gracilentum Torr. & A. Gray var. gracilentum,Estée,6338,Réservés,4596
Romaguera-Cormier,Alpine Hymenopappus,Hymenopappus filifolius Hook. var. nudipes (Maguire) B.L. Turner,Loïs,6946,Salomé,1549
"Hilpert, Considine and Nolan",False Venus' Looking Glass,Legenere limosa (Greene) McVaugh,Yóu,7350,Séréna,7312
"Shanahan, West and Hodkiewicz",New Mexico Ponysfoot,Dichondra brachypoda Wooton & Standl.,Dù,3370,Kù,9279
Abbott-Denesik,'ahakea Lau Nui,Bobea elatior Gaudich.,Ráo,897,Cloé,6648
"Gaylord, Powlowski and Lebsack",Newberry's Milkvetch,Astragalus newberryi A. Gray var. blyae (Rose ex Rydb.) Barneby,Thérèsa,9092,Cunégonde,7616
"Hagenes, Torp and Haley",Xanthoparmelia Lichen,Xanthoparmelia norhypopsila Hale,Zoé,6947,Naéva,7666
Kautzer Group,Giant Red Indian Paintbrush,Castilleja miniata Douglas ex Hook. ssp. miniata,Eliès,2843,Maéna,7173
Nader-Wilderman,Bigpod Ceanothus,Ceanothus megacarpus Nutt.,Amélie,6221,Méthode,262
Friesen-Schumm,Slimleaf Drymary,Drymaria molluginea (Lag.) Didr.,Liè,5325,Lén,8235
Mann Inc,Sparrow False Pimpernel,Lindernia antipoda (L.) Alston,Alizée,3815,Médiamass,3747
Sporer Group,Narrowleaf Bedstraw,Galium angustifolium Nutt. ex A. Gray ssp. angustifolium,Maëlann,7132,Marie-ève,6911
Shanahan LLC,Imbricate Phacelia,Phacelia imbricata Greene,Daphnée,1069,Angèle,2215
Jaskolski-Spencer,Nikko Fir,Abies homolepis Siebold & Zucc.,Gérald,2150,Pål,9999
Schneider-Bechtelar,Solidstem Burnet Saxifrage,Pimpinella saxifraga L.,Judicaël,5476,Åke,732
Luettgen-Frami,Mountain Guava,Psidium montanum Sw.,Naéva,227,Pål,742
"Block, Trantow and Streich",Bog Birch,Betula pumila L. var. glabra Regel,Magdalène,7795,Danièle,7908
Skiles and Sons,Slender Woodland Sedge,Carex digitalis Willd. var. macropoda Fernald,Gisèle,2480,Pò,940
O'Reilly Inc,Showy Phlox,Phlox speciosa Pursh ssp. occidentalis (Durand ex Torr.) Wherry,Thérèsa,8702,Chloé,4170
"Mraz, Bosco and Botsford",Sperry's Milkweed,Asclepias sperryi Woodson,Camélia,2200,Ruò,9274
"Collins, Ward and Kub",Cimmeron,Leucophyllum zygophyllum I.M. Johnst.,Tú,3146,Liè,2493
Mertz-Berge,Hairy Cyanea,Cyanea pilosa A. Gray ssp. pilosa,Eugénie,2351,Anaé,9020
"Grant, Kunde and Smith",Largespore Map Lichen,Rhizocarpon macrosporum Rasanen,Inès,9719,Yè,2289
Breitenberg LLC,Doubleclaw,Proboscidea parviflora (Wooton) Wooton & Standl. ssp. parviflora var. hohokamiana Bretting,Wá,218,Adèle,9997
Hammes-Emmerich,Leadwort,Plumbago L.,Océane,2146,Françoise,6924
Balistreri-Koss,California Sawgrass,Cladium californicum (S. Watson) O'Neill,Pélagie,4626,Laurélie,2515
Hansen-Walker,Bonsey's Hollyfern,Polystichum bonseyi W.H. Wagner & Hobdy,Aurélie,2409,Séréna,4623
"Casper, Botsford and Conn",Calla Lily,Zantedeschia aethiopica (L.) Spreng.,Méghane,6613,Marie-thérèse,3534
Terry-Vandervort,American Water Plantain,Alisma subcordatum Raf.,Hélèna,6686,Adélie,5935
Parker Inc,Redcardinal,Erythrina herbacea L.,Mélodie,4737,Måns,6605
"Bode, Rosenbaum and Heathcote",Drummond's Wattle,Acacia drummondii Lindl.,Estée,2712,Cinéma,6899
Kozey-Yundt,Southeastern Primrose-willow,Ludwigia linifolia Poir.,Mahélie,2626,Maëlle,3254
Mertz LLC,Fiestaflower,Pholistoma Lilja,Mélissandre,2020,Maëlann,4586
Streich-Rath,Pinaleno Mountain Rubberweed,Hymenoxys ambigens (S.F. Blake) Bierner var. ambigens,Åsa,8655,Laurélie,1098
"Swift, Walter and Marquardt",Orange Lichen,Caloplaca saxicola (Hoffm.) Nordin,Mélys,373,Zoé,5546
"Runolfsson, Barrows and Kshlerin",Alchorneopsis,Alchorneopsis Müll. Arg.,Clémence,233,Kuí,9392
Miller-Runolfsson,Tapellaria Lichen,Tapellaria Müll. Arg.,Björn,4504,Wá,6702
"Raynor, Ryan and Murray",Turnera,Turnera L.,Océanne,6083,Léandre,4063
Welch Group,Saltwater Cress,Thellungiella salsuginea (Pall.) O.E. Schulz,Dafnée,4326,Athéna,4120
Anderson-Berge,Georgia False Indigo,Amorpha georgiana Wilbur var. georgiana,Dorothée,4486,Maëlle,6987
Abernathy Group,Field Anoda,Anoda pentaschista A. Gray,Mélissandre,188,Maëlyss,9936
Waelchi Inc,Guadeloupe Tonguefern,Elaphoglossum erinaceum (Fée) T. Moore,Pélagie,4352,Loïc,1370
Sipes LLC,Rock Ragwort,Senecio rupestris Waldst. & Kit.,Cloé,3426,Alizée,7561
"Runte, Yundt and Nikolaus",Navel Lichen,Umbilicaria phaea Tuck.,Athéna,794,Anaé,1613
Tromp-Lowe,Tetraphis Moss,Tetraphis Hedw.,Aloïs,7138,Sélène,8270
Rath-Boyle,Tenangle Pipewort,Eriocaulon decangulare L.,Hélèna,6344,Göran,8862
"Heaney, Rolfson and Smith",Sanionia Moss,Sanionia uncinata (Hedw.) Loeske,Yú,614,Ophélie,3009
Fahey LLC,Hound's Tongue,Cynoglossum L.,Lài,2385,Marie-françoise,5360
"Gleichner, Price and Huel",Sulphur-flower Buckwheat,Eriogonum umbellatum Torr. var. vernum Reveal,Anaëlle,4740,Dù,9471
Romaguera-Leffler,Hairy Marshmallow,Althaea hirsuta L.,Maëly,4271,Gérald,8115
"MacGyver, Spinka and Skiles",Calamus,Calamus deerratus G. Mann & H.A. Wendl,Sélène,4800,Mégane,3059
Adams and Sons,Velvetleaf Soldierbush,Tournefortia argentea L. f.,Amélie,7607,Léonore,2831
"Hoppe, Stracke and Dickens",Peltula Lichen,Peltula euploca (Ach.) Poelt,Annotée,1687,Dù,760
Hamill-Fadel,Pinkava's Phacelia,Phacelia pinkavae N.D. Atwood,Camélia,5209,Nuó,3579
Marvin Group,Woolly Marsh Elder,Leuciva dealbata (A. Gray) Rydb.,Marie-françoise,2089,Aurélie,2845
Hegmann Inc,Tropical Waxweed,Cuphea aspera Chapm.,Maïté,1064,Måns,7855
Nader Group,Labrador Lousewort,Pedicularis labradorica Wirsing,Mélys,4935,Kallisté,8664
Klocko-Sawayn,Septicweed,Senna occidentalis (L.) Link,Anaïs,2310,Cécilia,5567
Quitzon-VonRueden,Wheat Sedge,Carex atherodes Spreng.,Cécile,7048,Maï,4966
Leffler-Ledner,Timmia Moss,Timmia megapolitana Hedw. var. megapolitana,Aurélie,6505,Ráo,7437
"Raynor, Lueilwitz and Kunze",Lantana,Lantana L.,Sòng,5515,Anaé,7536
"Powlowski, Towne and Koss",Hudson Bay Eyebright,Euphrasia hudsoniana Fernald & Wiegand var. ramosior Sell & Yeo,Kuí,5726,Lóng,476
McDermott-Wuckert,Redskin Onion,Allium haematochiton S. Watson,Eléa,5204,Lóng,7583
Hickle-Torphy,Mustang Clover,Leptosiphon montanus (Greene) J.M. Porter & L.A. Johnson,Néhémie,9550,Almérinda,1730
Sawayn-Pouros,Texas Snakecotton,Froelichia interrupta (L.) Moq.,Félicie,9492,Faîtes,8622
Pouros-Raynor,Fragile Sheath Sedge,Carex fracta Mack.,Mårten,7789,Béatrice,8068
Walker-Wunsch,Epiphytic Curlygrass Fern,Schizaea poeppigiana Sturm,Irène,9897,Françoise,8335
Bernhard-Paucek,Telfairia,Telfairia Hook.,Almérinda,8193,Mélissandre,1689
Bauch-Balistreri,Rosy Lupine,Lupinus roseolus Rydb.,Styrbjörn,5212,Josée,2962
"Fisher, Kris and Rippin",Madagascar Periwinkle,Catharanthus roseus (L.) G. Don,Anaël,5946,Esbjörn,6947
"Hagenes, Gleason and Jerde",Smallfruit Spikerush,Eleocharis microcarpa Torr.,Michèle,3930,Åsa,4574
Mosciski-Kub,California Tortula Moss,Tortula californica E.B. Bartram,Mélinda,8309,Mélodie,7918
"Bosco, Schinner and Baumbach",Manyflower Blackberry,Rubus floricomus Blanch.,Styrbjörn,9179,Märta,7840
"West, Prohaska and Kunde",Spotted Beebalm,Monarda punctata L. ssp. punctata var. occidentalis (Epling) Palmer & Steyerm.,Agnès,6090,Gaétane,6777
Konopelski Group,Largeleaf Fissidens Moss,Fissidens grandifrons Brid.,Maïlys,9618,Nélie,2340
Herman Inc,Leptodictyum Moss,Leptodictyum humile (P. Beauv.) Ochyra,Naëlle,554,Clémence,8881
"Heller, Lowe and Klein",Rim Lichen,Lecanora apochraeoides Vain.,Maëlann,7502,Andrée,3261
Mann-Funk,Kihlman's Wreath Lichen,Phaeophyscia kairamoi (Vain.) Moberg,Thérèsa,6934,Léane,6594
Klein-Graham,Widethroat Pink Monkeyflower,Mimulus platylaemus Pennell,Danièle,3139,Bérénice,6483
"Trantow, Toy and Frami",Easter Flower,Securidaca diversifolia (L.) S.F. Blake,Görel,7925,Anaïs,4928
Parisian Inc,Clay Buckwheat,Eriogonum argillosum J.T. Howell,Mélanie,6875,Ruò,1717
Johnston-Hills,Mapleleaf Currant,Ribes acerifolium Howell,Garçon,134,Mélanie,3207
Zulauf-Wolff,Bhutan Pine,Pinus wallichiana A.B. Jacks.,Marie-hélène,1706,Maëlle,2391
Goyette Group,Spring Pygmycudweed,Evax verna Raf. var. drummondii (Torr. & A. Gray) Kartesz & Gandhi,Yénora,4085,Maïly,6186
Baumbach Inc,Hairy Ironwort,Sideritis lanata L.,Eléa,1674,Camélia,3930
"Larson, Kuhn and Schaden",Narrowleaf Pondweed,Potamogeton strictifolius Benn.,Zoé,3164,Loïs,7006
Kemmer Inc,Pacific Lupine,Lupinus lepidus Douglas ex Lindl.,Mén,5775,Lorène,8363
Pfannerstill-Bednar,Cape Aloe,Aloe ferox Mill.,Marie-ève,4909,Dà,7284
Berge-Erdman,Cup Lichen,Cladonia P. Browne,Daphnée,5603,Estée,3796
Rogahn Inc,Uluhe,Dicranopteris emarginata (T. Moore) W.J. Rob.,Lucrèce,7695,Personnalisée,5938
Bahringer-Schinner,Parry's Dwarf-sunflower,Helianthella parryi A. Gray,Noémie,280,Eléonore,8978
Lakin Inc,Garden Dewberry,Rubus aboriginum Rydb.,Lauréna,1019,Andréa,4271
Kessler Inc,Peach,Prunus persica (L.) Batsch var. persica,Cécilia,4119,Anaé,2142
"Witting, Parker and Huel",Bradshaw's Desertparsley,Lomatium bradshawii (Rose ex Mathias) Mathias & Constance,Börje,6913,Styrbjörn,6659
Hodkiewicz and Sons,Twelfth Rush,Juncus uncialis Greene,Cunégonde,8313,Naéva,2917
Hane Group,Redstar,Ipomoea coccinea L.,Vérane,2845,Börje,6972
Jast LLC,Plains Reedgrass,Calamagrostis montanensis Scribn. ex Vasey,Magdalène,8433,Léonore,2688
"Heidenreich, Jerde and Oberbrunner",Bolander's Monkeyflower,Mimulus bolanderi A. Gray,Naéva,4592,Naéva,8601
Yost-Moore,Giant Chinquapin,Chrysolepis chrysophylla (Douglas ex Hook.) Hjelmqvist var. minor (Benth.) Munz,Annotés,8912,Célestine,9171
Feest-Hackett,Awned Mountainmint,Pycnanthemum setosum Nutt.,Méng,3875,Léa,7836
Morar Group,Diploid Timothy,Phleum bertolonii DC.,Maïly,9913,Mélia,5383
Fahey Group,Springloving Centaury,"Centaurium namatophilum Reveal, C.R. Broome & Beatley",Örjan,5490,Bénédicte,151
"O'Conner, Green and Fritsch",Smallflower Baby Blue Eyes,Nemophila aphylla (L.) Brummitt,Åsa,6574,Anaëlle,6333
